country,date,Female_MPs,GDP,Maternal_Mortality
Afghanistan,2019-01-01,27.87,,
Afghanistan,2018-01-01,27.7,19362969582.3643,
Afghanistan,2017-01-01,27.7,20191764940.1602,638.0
Afghanistan,2016-01-01,27.7,19362642266.6484,673.0
Afghanistan,2015-01-01,27.7,19907111418.9938,701.0
Afghanistan,2014-01-01,27.7,20484873230.2111,786.0
Afghanistan,2013-01-01,27.7,20561054090.3995,810.0
Afghanistan,2012-01-01,27.7,20001615788.6719,858.0
Afghanistan,2011-01-01,27.7,17804280538.1102,905.0
Afghanistan,2010-01-01,27.7,15856574731.4411,954.0
Afghanistan,2009-01-01,27.3,12439087076.7667,993.0
Afghanistan,2008-01-01,27.7,10109218067.7904,1030.0
Afghanistan,2007-01-01,27.7,9747886104.53251,1090.0
Afghanistan,2006-01-01,27.3,6971286731.72065,1120.0
Afghanistan,2005-01-01,27.3,6209140044.00519,1140.0
Afghanistan,2004-01-01,,5226775163.30205,1180.0
Afghanistan,2003-01-01,,4515563413.82564,1240.0
Afghanistan,2002-01-01,,4055176933.36905,1300.0
Afghanistan,2001-01-01,,,1390.0
Afghanistan,2000-01-01,,,1450.0
Afghanistan,1999-01-01,,,
Afghanistan,1998-01-01,,,
Afghanistan,1997-01-01,,,
Afghanistan,1996-01-01,,,
Afghanistan,1995-01-01,,,
Afghanistan,1994-01-01,,,
Afghanistan,1993-01-01,,,
Afghanistan,1992-01-01,,,
Afghanistan,1991-01-01,,,
Afghanistan,1990-01-01,3.7,,
Afghanistan,1989-01-01,,,
Afghanistan,1988-01-01,,,
Afghanistan,1987-01-01,,,
Afghanistan,1986-01-01,,,
Afghanistan,1985-01-01,,,
Afghanistan,1984-01-01,,,
Afghanistan,1983-01-01,,,
Afghanistan,1982-01-01,,,
Afghanistan,1981-01-01,,3478787909.09091,
Afghanistan,1980-01-01,,3641723321.99546,
Afghanistan,1979-01-01,,3697940409.61098,
Afghanistan,1978-01-01,,3300000108.88889,
Afghanistan,1977-01-01,,2953333417.77778,
Afghanistan,1976-01-01,,2555555566.66667,
Afghanistan,1975-01-01,,2366666615.55556,
Afghanistan,1974-01-01,,2155555497.77778,
Afghanistan,1973-01-01,,1733333264.44444,
Afghanistan,1972-01-01,,1595555475.55556,
Afghanistan,1971-01-01,,1831108971.11111,
Afghanistan,1970-01-01,,1748886595.55556,
Afghanistan,1969-01-01,,1408888922.22222,
Afghanistan,1968-01-01,,1373333366.66667,
Afghanistan,1967-01-01,,1673333417.77778,
Afghanistan,1966-01-01,,1399999966.66667,
Afghanistan,1965-01-01,,1006666637.77778,
Afghanistan,1964-01-01,,800000044.444444,
Afghanistan,1963-01-01,,751111191.111111,
Afghanistan,1962-01-01,,546666677.777778,
Afghanistan,1961-01-01,,548888895.555556,
Afghanistan,1960-01-01,,537777811.111111,
Burundi,2019-01-01,36.36,,
Burundi,2018-01-01,36.4,3036931818.18182,
Burundi,2017-01-01,36.4,3172292379.36329,548.0
Burundi,2016-01-01,36.4,2959640987.29943,558.0
Burundi,2015-01-01,36.4,3104394858.11518,568.0
Burundi,2014-01-01,30.5,2705783272.07443,576.0
Burundi,2013-01-01,30.5,2451625332.74584,591.0
Burundi,2012-01-01,30.5,2333308099.46249,608.0
Burundi,2011-01-01,30.5,2235820867.82743,635.0
Burundi,2010-01-01,32.1,2032135246.50004,665.0
Burundi,2009-01-01,31.4,1781455092.07114,698.0
Burundi,2008-01-01,30.5,1611835901.9063,733.0
Burundi,2007-01-01,30.5,1356199364.85882,756.0
Burundi,2006-01-01,30.5,1273375020.26862,785.0
Burundi,2005-01-01,30.5,1117113045.65222,814.0
Burundi,2004-01-01,18.4,915257323.3961,844.0
Burundi,2003-01-01,18.4,784654423.620476,890.0
Burundi,2002-01-01,18.4,825394490.159111,925.0
Burundi,2001-01-01,14.4,876794723.068586,956.0
Burundi,2000-01-01,14.4,870486065.883137,1010.0
Burundi,1999-01-01,6.0,808077223.365746,
Burundi,1998-01-01,11.9,893770806.077641,
Burundi,1997-01-01,,972896267.915425,
Burundi,1996-01-01,,869033856.317093,
Burundi,1995-01-01,,1000428393.88528,
Burundi,1994-01-01,,925030590.153683,
Burundi,1993-01-01,,938632612.026359,
Burundi,1992-01-01,,1083037670.60484,
Burundi,1991-01-01,,1167398478.3459,
Burundi,1990-01-01,,1132101252.51817,
Burundi,1989-01-01,,1113924130.41149,
Burundi,1988-01-01,,1082403219.48787,
Burundi,1987-01-01,,1131466494.01101,
Burundi,1986-01-01,,1201725497.06578,
Burundi,1985-01-01,,1149979285.77347,
Burundi,1984-01-01,,987143931.166987,
Burundi,1983-01-01,,1082926304.46477,
Burundi,1982-01-01,,1013222222.22222,
Burundi,1981-01-01,,969046666.666667,
Burundi,1980-01-01,,919726666.666667,
Burundi,1979-01-01,,782496666.666667,
Burundi,1978-01-01,,610225555.555556,
Burundi,1977-01-01,,547535555.555556,
Burundi,1976-01-01,,448412753.623188,
Burundi,1975-01-01,,420986666.666667,
Burundi,1974-01-01,,345263492.063492,
Burundi,1973-01-01,,304339839.552146,
Burundi,1972-01-01,,246804571.428571,
Burundi,1971-01-01,,252842285.714286,
Burundi,1970-01-01,,242732571.428571,
Burundi,1969-01-01,,190205714.285714,
Burundi,1968-01-01,,183200000.0,
Burundi,1967-01-01,,178297142.857143,
Burundi,1966-01-01,,165444571.428571,
Burundi,1965-01-01,,158994962.962963,
Burundi,1964-01-01,,260750008.0,
Burundi,1963-01-01,,232749998.0,
Burundi,1962-01-01,,213500006.0,
Burundi,1961-01-01,,202999992.0,
Burundi,1960-01-01,,195999990.0,
Benin,2019-01-01,7.23,,
Benin,2018-01-01,7.2,10354274634.9108,
Benin,2017-01-01,7.2,9269594834.77931,397.0
Benin,2016-01-01,7.2,8578984066.29974,408.0
Benin,2015-01-01,7.2,8294490789.00164,421.0
Benin,2014-01-01,8.4,9720362615.39829,432.0
Benin,2013-01-01,8.4,9159958825.63987,441.0
Benin,2012-01-01,8.4,8152088222.19998,450.0
Benin,2011-01-01,8.4,7824320326.89328,458.0
Benin,2010-01-01,10.8,6977040762.19148,464.0
Benin,2009-01-01,10.8,7097198711.61023,471.0
Benin,2008-01-01,10.8,7132787396.66547,480.0
Benin,2007-01-01,10.8,5969535131.58016,486.0
Benin,2006-01-01,7.2,5142380779.44103,493.0
Benin,2005-01-01,7.2,4803702821.08056,500.0
Benin,2004-01-01,7.2,4521424807.22519,505.0
Benin,2003-01-01,6.0,3905366187.87017,510.0
Benin,2002-01-01,6.0,3054571081.6912,511.0
Benin,2001-01-01,6.0,2680213931.46472,516.0
Benin,2000-01-01,6.0,2569186642.86999,520.0
Benin,1999-01-01,6.0,2689787917.50711,
Benin,1998-01-01,7.2,2455092582.30927,
Benin,1997-01-01,7.2,2268301537.65128,
Benin,1996-01-01,,2361116587.86079,
Benin,1995-01-01,,2169627250.93379,
Benin,1994-01-01,,1598075932.35432,
Benin,1993-01-01,,2274557914.07481,
Benin,1992-01-01,,1695315305.70308,
Benin,1991-01-01,,1986437859.90346,
Benin,1990-01-01,2.9,1959965243.76269,
Benin,1989-01-01,,1502294411.46202,
Benin,1988-01-01,,1620246187.15171,
Benin,1987-01-01,,1562412030.34838,
Benin,1986-01-01,,1336102040.71025,
Benin,1985-01-01,,1045712703.02696,
Benin,1984-01-01,,1051133927.00009,
Benin,1983-01-01,,1095348302.91865,
Benin,1982-01-01,,1267778489.03079,
Benin,1981-01-01,,1291119965.11262,
Benin,1980-01-01,,1405251547.23882,
Benin,1979-01-01,,1186231265.18417,
Benin,1978-01-01,,928843304.783965,
Benin,1977-01-01,,750049739.152238,
Benin,1976-01-01,,698408244.385343,
Benin,1975-01-01,,676870140.341529,
Benin,1974-01-01,,554654786.965107,
Benin,1973-01-01,,504376035.716401,
Benin,1972-01-01,,410331900.950531,
Benin,1971-01-01,,335072975.215766,
Benin,1970-01-01,,333627758.154666,
Benin,1969-01-01,,330748211.459737,
Benin,1968-01-01,,326323097.355964,
Benin,1967-01-01,,306222000.407316,
Benin,1966-01-01,,302925280.773564,
Benin,1965-01-01,,289908720.648622,
Benin,1964-01-01,,269818988.259263,
Benin,1963-01-01,,253927646.475909,
Benin,1962-01-01,,236434906.75427,
Benin,1961-01-01,,235668222.429984,
Benin,1960-01-01,,226195579.35701,
Burkina Faso,2019-01-01,13.39,,
Burkina Faso,2018-01-01,11.0,14124775068.569,
Burkina Faso,2017-01-01,11.0,12330338343.2865,320.0
Burkina Faso,2016-01-01,9.4,10867024151.6053,331.0
Burkina Faso,2015-01-01,9.4,10419303761.3524,343.0
Burkina Faso,2014-01-01,18.9,12377391462.6377,353.0
Burkina Faso,2013-01-01,15.7,11947176341.9966,362.0
Burkina Faso,2012-01-01,15.7,11166063466.5623,369.0
Burkina Faso,2011-01-01,15.3,10724063457.8326,377.0
Burkina Faso,2010-01-01,15.3,8979966766.07232,385.0
Burkina Faso,2009-01-01,15.3,8369175126.25316,393.0
Burkina Faso,2008-01-01,15.3,8369637065.40255,401.0
Burkina Faso,2007-01-01,15.3,6771277870.96412,410.0
Burkina Faso,2006-01-01,11.7,5816310157.71765,422.0
Burkina Faso,2005-01-01,11.7,5462709498.45119,437.0
Burkina Faso,2004-01-01,11.7,4838551099.70985,454.0
Burkina Faso,2003-01-01,11.7,4205691222.11396,471.0
Burkina Faso,2002-01-01,11.7,3205592289.79773,486.0
Burkina Faso,2001-01-01,8.1,2812845513.57125,501.0
Burkina Faso,2000-01-01,8.1,2628920056.10098,516.0
Burkina Faso,1999-01-01,8.1,2993753187.09677,
Burkina Faso,1998-01-01,8.1,2804902723.73145,
Burkina Faso,1997-01-01,9.0,2447669403.89018,
Burkina Faso,1996-01-01,,2586550747.09844,
Burkina Faso,1995-01-01,,2379518099.2266,
Burkina Faso,1994-01-01,,1895290964.80829,
Burkina Faso,1993-01-01,,2332018010.55341,
Burkina Faso,1992-01-01,,2240264711.54816,
Burkina Faso,1991-01-01,,3135045684.1006,
Burkina Faso,1990-01-01,,3101301780.95067,
Burkina Faso,1989-01-01,,2615588545.68629,
Burkina Faso,1988-01-01,,2616040645.87263,
Burkina Faso,1987-01-01,,2369835438.62393,
Burkina Faso,1986-01-01,,2036303381.20142,
Burkina Faso,1985-01-01,,1552493413.98989,
Burkina Faso,1984-01-01,,1459880352.6483,
Burkina Faso,1983-01-01,,1600278756.43589,
Burkina Faso,1982-01-01,,1754450379.2077,
Burkina Faso,1981-01-01,,1775842679.94056,
Burkina Faso,1980-01-01,,1928720390.28869,
Burkina Faso,1979-01-01,,1748480982.18517,
Burkina Faso,1978-01-01,,1475584037.28156,
Burkina Faso,1977-01-01,,1131225278.77773,
Burkina Faso,1976-01-01,,976547572.215824,
Burkina Faso,1975-01-01,,939972703.463021,
Burkina Faso,1974-01-01,,751133642.647461,
Burkina Faso,1973-01-01,,674773821.151416,
Burkina Faso,1972-01-01,,578595583.975723,
Burkina Faso,1971-01-01,,482411278.982439,
Burkina Faso,1970-01-01,,458404330.125096,
Burkina Faso,1969-01-01,,478298781.545658,
Burkina Faso,1968-01-01,,460442864.205949,
Burkina Faso,1967-01-01,,450753993.176448,
Burkina Faso,1966-01-01,,433889831.584706,
Burkina Faso,1965-01-01,,422916848.424208,
Burkina Faso,1964-01-01,,410321785.631059,
Burkina Faso,1963-01-01,,394040749.12567,
Burkina Faso,1962-01-01,,379567178.256898,
Burkina Faso,1961-01-01,,350247237.11684,
Burkina Faso,1960-01-01,,330442817.168859,
Central African Republic,2019-01-01,8.57,,
Central African Republic,2018-01-01,8.6,2219894701.95124,
Central African Republic,2017-01-01,8.6,2067230996.47377,829.0
Central African Republic,2016-01-01,7.2,1823779165.27967,890.0
Central African Republic,2015-01-01,,1695143879.57045,912.0
Central African Republic,2014-01-01,,1892292911.82509,961.0
Central African Republic,2013-01-01,,1691063476.64157,1030.0
Central African Republic,2012-01-01,12.5,2510270267.72918,963.0
Central African Republic,2011-01-01,12.5,2434792412.50855,981.0
Central African Republic,2010-01-01,9.6,2140503193.16261,1000.0
Central African Republic,2009-01-01,9.6,2059094048.26019,1050.0
Central African Republic,2008-01-01,10.5,1985240986.18508,1090.0
Central African Republic,2007-01-01,10.5,1697565948.65323,1130.0
Central African Republic,2006-01-01,10.5,1460561215.4447,1170.0
Central African Republic,2005-01-01,10.5,1337362392.15225,1200.0
Central African Republic,2004-01-01,,1270080250.65268,1230.0
Central African Republic,2003-01-01,,1139754799.16304,1250.0
Central African Republic,2002-01-01,7.3,991387870.12463,1280.0
Central African Republic,2001-01-01,7.3,931833302.752857,1290.0
Central African Republic,2000-01-01,7.3,914500299.097034,1280.0
Central African Republic,1999-01-01,7.3,999477510.686632,
Central African Republic,1998-01-01,3.5,967338348.658314,
Central African Republic,1997-01-01,3.5,937741468.029676,
Central African Republic,1996-01-01,,1007791186.20106,
Central African Republic,1995-01-01,,1115389731.79119,
Central African Republic,1994-01-01,,851174350.649409,
Central African Republic,1993-01-01,,1278781166.72188,
Central African Republic,1992-01-01,,1411917558.45855,
Central African Republic,1991-01-01,,1377375030.52921,
Central African Republic,1990-01-01,3.8,1440711395.67069,
Central African Republic,1989-01-01,,1233930277.04922,
Central African Republic,1988-01-01,,1264899368.20165,
Central African Republic,1987-01-01,,1200991825.95398,
Central African Republic,1986-01-01,,1122265026.38274,
Central African Republic,1985-01-01,,864849765.059665,
Central African Republic,1984-01-01,,637820620.670195,
Central African Republic,1983-01-01,,658679394.907969,
Central African Republic,1982-01-01,,748312283.726758,
Central African Republic,1981-01-01,,694803502.722356,
Central African Republic,1980-01-01,,797048028.773247,
Central African Republic,1979-01-01,,700764892.704831,
Central African Republic,1978-01-01,,610578523.761178,
Central African Republic,1977-01-01,,507298120.68315,
Central African Republic,1976-01-01,,451152449.984411,
Central African Republic,1975-01-01,,378660016.265936,
Central African Republic,1974-01-01,,281398668.160613,
Central African Republic,1973-01-01,,271183061.359635,
Central African Republic,1972-01-01,,230317908.038643,
Central African Republic,1971-01-01,,201450768.367553,
Central African Republic,1970-01-01,,189106554.521277,
Central African Republic,1969-01-01,,188039191.323608,
Central African Republic,1968-01-01,,191767436.956884,
Central African Republic,1967-01-01,,163820538.867947,
Central African Republic,1966-01-01,,157930041.875883,
Central African Republic,1965-01-01,,150574816.300764,
Central African Republic,1964-01-01,,142025069.461676,
Central African Republic,1963-01-01,,129379097.888958,
Central African Republic,1962-01-01,,124482748.937917,
Central African Republic,1961-01-01,,123134584.467673,
Central African Republic,1960-01-01,,112155598.949571,
"Congo, Dem. Rep.",2019-01-01,10.0,,
"Congo, Dem. Rep.",2018-01-01,8.9,47227535290.9218,
"Congo, Dem. Rep.",2017-01-01,8.9,38019265625.8845,473.0
"Congo, Dem. Rep.",2016-01-01,8.9,37134799974.5225,481.0
"Congo, Dem. Rep.",2015-01-01,8.9,37917704900.0794,490.0
"Congo, Dem. Rep.",2014-01-01,10.6,35909040265.9328,500.0
"Congo, Dem. Rep.",2013-01-01,8.9,32679745297.6453,514.0
"Congo, Dem. Rep.",2012-01-01,8.9,29306235826.3886,524.0
"Congo, Dem. Rep.",2011-01-01,,25839749198.8233,532.0
"Congo, Dem. Rep.",2010-01-01,8.4,21565720044.4634,542.0
"Congo, Dem. Rep.",2009-01-01,8.4,18648373312.4241,555.0
"Congo, Dem. Rep.",2008-01-01,8.4,19788515873.8942,565.0
"Congo, Dem. Rep.",2007-01-01,8.4,16737071816.38,578.0
"Congo, Dem. Rep.",2006-01-01,8.4,14451902467.9315,598.0
"Congo, Dem. Rep.",2005-01-01,12.0,11964484667.9102,627.0
"Congo, Dem. Rep.",2004-01-01,12.0,10297483481.223,661.0
"Congo, Dem. Rep.",2003-01-01,,8937567059.87754,699.0
"Congo, Dem. Rep.",2002-01-01,,8728038525.14034,734.0
"Congo, Dem. Rep.",2001-01-01,,7438189100.33333,740.0
"Congo, Dem. Rep.",2000-01-01,,19088046305.7971,760.0
"Congo, Dem. Rep.",1999-01-01,,4711259427.27273,
"Congo, Dem. Rep.",1998-01-01,,6215591269.89747,
"Congo, Dem. Rep.",1997-01-01,,6090840548.18784,
"Congo, Dem. Rep.",1996-01-01,,5771454939.62404,
"Congo, Dem. Rep.",1995-01-01,,5643439376.10491,
"Congo, Dem. Rep.",1994-01-01,,5820382248.28202,
"Congo, Dem. Rep.",1993-01-01,,10706259936.7425,
"Congo, Dem. Rep.",1992-01-01,,8227343907.26679,
"Congo, Dem. Rep.",1991-01-01,,9625436872.51075,
"Congo, Dem. Rep.",1990-01-01,5.4,9349764580.36997,
"Congo, Dem. Rep.",1989-01-01,,9021862775.25978,
"Congo, Dem. Rep.",1988-01-01,,8861299976.74158,
"Congo, Dem. Rep.",1987-01-01,,7661625472.57705,
"Congo, Dem. Rep.",1986-01-01,,8095367168.21769,
"Congo, Dem. Rep.",1985-01-01,,7195042616.0071,
"Congo, Dem. Rep.",1984-01-01,,7857729193.20343,
"Congo, Dem. Rep.",1983-01-01,,11006712650.4481,
"Congo, Dem. Rep.",1982-01-01,,13651667371.1676,
"Congo, Dem. Rep.",1981-01-01,,12537821038.2202,
"Congo, Dem. Rep.",1980-01-01,,14394927494.8647,
"Congo, Dem. Rep.",1979-01-01,,15068422236.3663,
"Congo, Dem. Rep.",1978-01-01,,15372608002.3923,
"Congo, Dem. Rep.",1977-01-01,,12344424763.5727,
"Congo, Dem. Rep.",1976-01-01,,9648583224.99212,
"Congo, Dem. Rep.",1975-01-01,,10237343173.6527,
"Congo, Dem. Rep.",1974-01-01,,9596960179.64072,
"Congo, Dem. Rep.",1973-01-01,,7870239461.07784,
"Congo, Dem. Rep.",1972-01-01,,6173712814.37126,
"Congo, Dem. Rep.",1971-01-01,,5594770359.28144,
"Congo, Dem. Rep.",1970-01-01,,4877684910.17964,
"Congo, Dem. Rep.",1969-01-01,,5032434970.05988,
"Congo, Dem. Rep.",1968-01-01,,3909780538.92216,
"Congo, Dem. Rep.",1967-01-01,,3384063371.75792,
"Congo, Dem. Rep.",1966-01-01,,4532660181.81818,
"Congo, Dem. Rep.",1965-01-01,,4043901818.18182,
"Congo, Dem. Rep.",1964-01-01,,2881545272.72727,
"Congo, Dem. Rep.",1963-01-01,,6213185742.57426,
"Congo, Dem. Rep.",1962-01-01,,3779841428.57143,
"Congo, Dem. Rep.",1961-01-01,,3086746857.14286,
"Congo, Dem. Rep.",1960-01-01,,3359404117.64706,
Eritrea,2019-01-01,22.0,,
Eritrea,2018-01-01,22.0,,
Eritrea,2017-01-01,22.0,,480.0
Eritrea,2016-01-01,22.0,,498.0
Eritrea,2015-01-01,22.0,,518.0
Eritrea,2014-01-01,22.0,,530.0
Eritrea,2013-01-01,22.0,,540.0
Eritrea,2012-01-01,22.0,,549.0
Eritrea,2011-01-01,22.0,2607739837.39837,558.0
Eritrea,2010-01-01,22.0,2117039512.19512,567.0
Eritrea,2009-01-01,22.0,1856695551.21951,583.0
Eritrea,2008-01-01,22.0,1380188800.0,605.0
Eritrea,2007-01-01,22.0,1317974491.05691,635.0
Eritrea,2006-01-01,22.0,1211161879.6748,705.0
Eritrea,2005-01-01,22.0,1098425900.74116,804.0
Eritrea,2004-01-01,22.0,1109054005.43971,938.0
Eritrea,2003-01-01,22.0,870247703.182758,1060.0
Eritrea,2002-01-01,22.0,729321366.651861,1130.0
Eritrea,2001-01-01,14.7,752368495.512622,1180.0
Eritrea,2000-01-01,14.7,706370815.584416,1280.0
Eritrea,1999-01-01,14.7,688921325.712043,
Eritrea,1998-01-01,21.0,745526154.93283,
Eritrea,1997-01-01,21.0,686490090.140141,
Eritrea,1996-01-01,,693535954.190067,
Eritrea,1995-01-01,,578015625.0,
Eritrea,1994-01-01,,531688311.688312,
Eritrea,1993-01-01,,467872714.755603,
Eritrea,1992-01-01,,477101651.648376,
Eritrea,1991-01-01,,,
Eritrea,1990-01-01,,,
Eritrea,1989-01-01,,,
Eritrea,1988-01-01,,,
Eritrea,1987-01-01,,,
Eritrea,1986-01-01,,,
Eritrea,1985-01-01,,,
Eritrea,1984-01-01,,,
Eritrea,1983-01-01,,,
Eritrea,1982-01-01,,,
Eritrea,1981-01-01,,,
Eritrea,1980-01-01,,,
Eritrea,1979-01-01,,,
Eritrea,1978-01-01,,,
Eritrea,1977-01-01,,,
Eritrea,1976-01-01,,,
Eritrea,1975-01-01,,,
Eritrea,1974-01-01,,,
Eritrea,1973-01-01,,,
Eritrea,1972-01-01,,,
Eritrea,1971-01-01,,,
Eritrea,1970-01-01,,,
Eritrea,1969-01-01,,,
Eritrea,1968-01-01,,,
Eritrea,1967-01-01,,,
Eritrea,1966-01-01,,,
Eritrea,1965-01-01,,,
Eritrea,1964-01-01,,,
Eritrea,1963-01-01,,,
Eritrea,1962-01-01,,,
Eritrea,1961-01-01,,,
Eritrea,1960-01-01,,,
Ethiopia,2019-01-01,38.76,,
Ethiopia,2018-01-01,38.8,84355604752.5299,
Ethiopia,2017-01-01,38.8,81760441158.7556,401.0
Ethiopia,2016-01-01,38.8,74296618481.0882,422.0
Ethiopia,2015-01-01,38.8,64589334978.8013,446.0
Ethiopia,2014-01-01,27.8,55612228233.5179,472.0
Ethiopia,2013-01-01,27.8,47648211133.2183,498.0
Ethiopia,2012-01-01,27.8,43310721414.0829,527.0
Ethiopia,2011-01-01,27.8,31952763089.33,558.0
Ethiopia,2010-01-01,27.8,29933790334.3418,597.0
Ethiopia,2009-01-01,21.9,32437389116.038,638.0
Ethiopia,2008-01-01,21.9,27066912635.2228,681.0
Ethiopia,2007-01-01,21.9,19707616772.7996,731.0
Ethiopia,2006-01-01,21.9,15280861834.6024,795.0
Ethiopia,2005-01-01,21.4,12401139453.9738,865.0
Ethiopia,2004-01-01,7.7,10131187261.4421,929.0
Ethiopia,2003-01-01,7.7,8623691300.04079,972.0
Ethiopia,2002-01-01,7.7,7850809498.16803,985.0
Ethiopia,2001-01-01,7.7,8231326016.47494,988.0
Ethiopia,2000-01-01,7.7,8242392103.68061,1030.0
Ethiopia,1999-01-01,2.0,7700833482.00615,
Ethiopia,1998-01-01,2.0,7818224905.55071,
Ethiopia,1997-01-01,2.0,8589211390.49612,
Ethiopia,1996-01-01,,8547939730.62374,
Ethiopia,1995-01-01,,7663984567.90123,
Ethiopia,1994-01-01,,6927950564.55657,
Ethiopia,1993-01-01,,8830712713.90781,
Ethiopia,1992-01-01,,10492993077.6093,
Ethiopia,1991-01-01,,13463868357.4879,
Ethiopia,1990-01-01,,12175166763.285,
Ethiopia,1989-01-01,,11476584879.2271,
Ethiopia,1988-01-01,,10908935748.7923,
Ethiopia,1987-01-01,,10527338647.343,
Ethiopia,1986-01-01,,9848600869.56522,
Ethiopia,1985-01-01,,9480840483.09179,
Ethiopia,1984-01-01,,8096302367.14976,
Ethiopia,1983-01-01,,8567890821.25604,
Ethiopia,1982-01-01,,7707678019.32367,
Ethiopia,1981-01-01,,7324903188.4058,
Ethiopia,1980-01-01,,,
Ethiopia,1979-01-01,,,
Ethiopia,1978-01-01,,,
Ethiopia,1977-01-01,,,
Ethiopia,1976-01-01,,,
Ethiopia,1975-01-01,,,
Ethiopia,1974-01-01,,,
Ethiopia,1973-01-01,,,
Ethiopia,1972-01-01,,,
Ethiopia,1971-01-01,,,
Ethiopia,1970-01-01,,,
Ethiopia,1969-01-01,,,
Ethiopia,1968-01-01,,,
Ethiopia,1967-01-01,,,
Ethiopia,1966-01-01,,,
Ethiopia,1965-01-01,,,
Ethiopia,1964-01-01,,,
Ethiopia,1963-01-01,,,
Ethiopia,1962-01-01,,,
Ethiopia,1961-01-01,,,
Ethiopia,1960-01-01,,,
Guinea,2019-01-01,22.81,,
Guinea,2018-01-01,21.9,10907214993.5687,
Guinea,2017-01-01,21.9,10324668266.5921,576.0
Guinea,2016-01-01,21.9,8603833218.24226,621.0
Guinea,2015-01-01,21.9,8794202443.67366,699.0
Guinea,2014-01-01,21.9,8778473614.54728,767.0
Guinea,2013-01-01,,8376613843.27265,731.0
Guinea,2012-01-01,,7638045254.42864,744.0
Guinea,2011-01-01,,6785137172.77058,748.0
Guinea,2010-01-01,,6853467857.61127,747.0
Guinea,2009-01-01,,6716904568.76482,750.0
Guinea,2008-01-01,,6964179193.84418,754.0
Guinea,2007-01-01,19.3,6281917655.90249,772.0
Guinea,2006-01-01,19.3,4220019242.74824,831.0
Guinea,2005-01-01,19.3,2937071767.25576,920.0
Guinea,2004-01-01,19.3,3666349049.42641,1020.0
Guinea,2003-01-01,19.3,3446442218.89829,1080.0
Guinea,2002-01-01,,2949637039.04424,1090.0
Guinea,2001-01-01,8.8,2833442750.43639,1070.0
Guinea,2000-01-01,8.8,2995360969.16199,1020.0
Guinea,1999-01-01,8.8,3461282293.64624,
Guinea,1998-01-01,8.8,3588376057.01536,
Guinea,1997-01-01,7.0,3783788551.0819,
Guinea,1996-01-01,,3869032270.91633,
Guinea,1995-01-01,,3693753379.05992,
Guinea,1994-01-01,,3383218922.79336,
Guinea,1993-01-01,,3279063317.63475,
Guinea,1992-01-01,,3284625277.16186,
Guinea,1991-01-01,,3014890569.04099,
Guinea,1990-01-01,,2666616176.91609,
Guinea,1989-01-01,,2432029380.43686,
Guinea,1988-01-01,,2384295763.72528,
Guinea,1987-01-01,,2041538057.02888,
Guinea,1986-01-01,,1922600899.38433,
Guinea,1985-01-01,,,
Guinea,1984-01-01,,,
Guinea,1983-01-01,,,
Guinea,1982-01-01,,,
Guinea,1981-01-01,,,
Guinea,1980-01-01,,,
Guinea,1979-01-01,,,
Guinea,1978-01-01,,,
Guinea,1977-01-01,,,
Guinea,1976-01-01,,,
Guinea,1975-01-01,,,
Guinea,1974-01-01,,,
Guinea,1973-01-01,,,
Guinea,1972-01-01,,,
Guinea,1971-01-01,,,
Guinea,1970-01-01,,,
Guinea,1969-01-01,,,
Guinea,1968-01-01,,,
Guinea,1967-01-01,,,
Guinea,1966-01-01,,,
Guinea,1965-01-01,,,
Guinea,1964-01-01,,,
Guinea,1963-01-01,,,
Guinea,1962-01-01,,,
Guinea,1961-01-01,,,
Guinea,1960-01-01,,,
"Gambia, The",2019-01-01,10.34,,
"Gambia, The",2018-01-01,10.3,1632823198.95828,
"Gambia, The",2017-01-01,10.3,1504954957.89304,597.0
"Gambia, The",2016-01-01,9.4,1467255923.49024,611.0
"Gambia, The",2015-01-01,9.4,1378176868.31568,625.0
"Gambia, The",2014-01-01,9.4,1229460601.92174,637.0
"Gambia, The",2013-01-01,7.5,1375608956.10386,644.0
"Gambia, The",2012-01-01,7.5,1415006238.09509,650.0
"Gambia, The",2011-01-01,7.5,1409694553.90934,656.0
"Gambia, The",2010-01-01,7.5,1543292392.54605,661.0
"Gambia, The",2009-01-01,7.5,1450140385.97229,668.0
"Gambia, The",2008-01-01,9.4,1561763437.0325,675.0
"Gambia, The",2007-01-01,9.4,1279704744.82781,690.0
"Gambia, The",2006-01-01,13.2,1054113426.70947,716.0
"Gambia, The",2005-01-01,13.2,1027702254.38664,756.0
"Gambia, The",2004-01-01,13.2,961900106.892751,802.0
"Gambia, The",2003-01-01,13.2,487038821.611959,843.0
"Gambia, The",2002-01-01,5.7,578236035.104279,876.0
"Gambia, The",2001-01-01,2.0,687408804.630527,905.0
"Gambia, The",2000-01-01,2.0,782915402.421095,932.0
"Gambia, The",1999-01-01,2.0,814723460.08372,
"Gambia, The",1998-01-01,2.0,840285264.631545,
"Gambia, The",1997-01-01,2.0,803630742.53446,
"Gambia, The",1996-01-01,,848237108.56163,
"Gambia, The",1995-01-01,,785996982.492168,
"Gambia, The",1994-01-01,,746491692.583857,
"Gambia, The",1993-01-01,,755042548.055824,
"Gambia, The",1992-01-01,,714255460.503389,
"Gambia, The",1991-01-01,,690314321.374999,
"Gambia, The",1990-01-01,7.8,317083373.524559,
"Gambia, The",1989-01-01,,284119692.49433,
"Gambia, The",1988-01-01,,266673126.229801,
"Gambia, The",1987-01-01,,220626484.224811,
"Gambia, The",1986-01-01,,185646209.386282,
"Gambia, The",1985-01-01,,225724851.691107,
"Gambia, The",1984-01-01,,177338801.93075,
"Gambia, The",1983-01-01,,213446562.57106,
"Gambia, The",1982-01-01,,216051495.959817,
"Gambia, The",1981-01-01,,218764445.784343,
"Gambia, The",1980-01-01,,241080708.89018,
"Gambia, The",1979-01-01,,207114382.546071,
"Gambia, The",1978-01-01,,171836793.402694,
"Gambia, The",1977-01-01,,138094243.349324,
"Gambia, The",1976-01-01,,112189468.481826,
"Gambia, The",1975-01-01,,115182522.123894,
"Gambia, The",1974-01-01,,95797533.4619206,
"Gambia, The",1973-01-01,,75187969.924812,
"Gambia, The",1972-01-01,,59161544.9957528,
"Gambia, The",1971-01-01,,55728608.974983,
"Gambia, The",1970-01-01,,52296836.749388,
"Gambia, The",1969-01-01,,45168722.6995632,
"Gambia, The",1968-01-01,,41160658.5705371,
"Gambia, The",1967-01-01,,46695363.1558873,
"Gambia, The",1966-01-01,,44212353.6988296,
"Gambia, The",1965-01-01,,,
"Gambia, The",1964-01-01,,,
"Gambia, The",1963-01-01,,,
"Gambia, The",1962-01-01,,,
"Gambia, The",1961-01-01,,,
"Gambia, The",1960-01-01,,,
Guinea-Bissau,2019-01-01,13.73,,
Guinea-Bissau,2018-01-01,13.7,1458156026.16376,
Guinea-Bissau,2017-01-01,13.7,1346841897.00437,667.0
Guinea-Bissau,2016-01-01,13.7,1178204501.38801,679.0
Guinea-Bissau,2015-01-01,13.7,1047808175.00057,694.0
Guinea-Bissau,2014-01-01,13.7,1053512334.17271,711.0
Guinea-Bissau,2013-01-01,14.0,1045790132.98518,726.0
Guinea-Bissau,2012-01-01,14.0,989327811.785114,744.0
Guinea-Bissau,2011-01-01,10.0,1098379391.95039,762.0
Guinea-Bissau,2010-01-01,10.0,849050127.504407,779.0
Guinea-Bissau,2009-01-01,10.0,826798659.766283,800.0
Guinea-Bissau,2008-01-01,10.0,864654795.287148,827.0
Guinea-Bissau,2007-01-01,14.0,695990208.376629,860.0
Guinea-Bissau,2006-01-01,14.0,591839470.665059,912.0
Guinea-Bissau,2005-01-01,14.0,586795675.416201,979.0
Guinea-Bissau,2004-01-01,14.0,531109356.165462,1050.0
Guinea-Bissau,2003-01-01,,476388260.639232,1110.0
Guinea-Bissau,2002-01-01,7.8,415843481.998691,1150.0
Guinea-Bissau,2001-01-01,7.8,392278168.199897,1180.0
Guinea-Bissau,2000-01-01,7.8,370173838.651652,1210.0
Guinea-Bissau,1999-01-01,,224446663.800548,
Guinea-Bissau,1998-01-01,10.0,206457544.497703,
Guinea-Bissau,1997-01-01,10.0,268550998.219197,
Guinea-Bissau,1996-01-01,,270419779.418107,
Guinea-Bissau,1995-01-01,,253966922.278198,
Guinea-Bissau,1994-01-01,,235620043.500927,
Guinea-Bissau,1993-01-01,,236880821.656388,
Guinea-Bissau,1992-01-01,,226313443.749086,
Guinea-Bissau,1991-01-01,,257150374.069711,
Guinea-Bissau,1990-01-01,20.0,243961995.509785,
Guinea-Bissau,1989-01-01,,213143016.443316,
Guinea-Bissau,1988-01-01,,164458120.314176,
Guinea-Bissau,1987-01-01,,173836362.010677,
Guinea-Bissau,1986-01-01,,130225018.751151,
Guinea-Bissau,1985-01-01,,143856253.127248,
Guinea-Bissau,1984-01-01,,138478900.628609,
Guinea-Bissau,1983-01-01,,163577538.326314,
Guinea-Bissau,1982-01-01,,165523634.503718,
Guinea-Bissau,1981-01-01,,154731969.69697,
Guinea-Bissau,1980-01-01,,110653830.722704,
Guinea-Bissau,1979-01-01,,118537875.133044,
Guinea-Bissau,1978-01-01,,122666858.789625,
Guinea-Bissau,1977-01-01,,114971207.205384,
Guinea-Bissau,1976-01-01,,112386489.005677,
Guinea-Bissau,1975-01-01,,108985740.155434,
Guinea-Bissau,1974-01-01,,98775328.9473684,
Guinea-Bissau,1973-01-01,,89374237.2881356,
Guinea-Bissau,1972-01-01,,87702828.5651641,
Guinea-Bissau,1971-01-01,,78540057.1372471,
Guinea-Bissau,1970-01-01,,78733594.8411852,
Guinea-Bissau,1969-01-01,,,
Guinea-Bissau,1968-01-01,,,
Guinea-Bissau,1967-01-01,,,
Guinea-Bissau,1966-01-01,,,
Guinea-Bissau,1965-01-01,,,
Guinea-Bissau,1964-01-01,,,
Guinea-Bissau,1963-01-01,,,
Guinea-Bissau,1962-01-01,,,
Guinea-Bissau,1961-01-01,,,
Guinea-Bissau,1960-01-01,,,
Haiti,2019-01-01,2.54,,
Haiti,2018-01-01,2.5,9658721168.86849,
Haiti,2017-01-01,2.5,8409497402.4589,480.0
Haiti,2016-01-01,0.0,7970649131.23416,489.0
Haiti,2015-01-01,4.2,8724656126.49849,488.0
Haiti,2014-01-01,4.2,8775444941.93681,492.0
Haiti,2013-01-01,4.2,8485077205.26002,496.0
Haiti,2012-01-01,4.2,7890647021.75659,500.0
Haiti,2011-01-01,4.2,7516834160.25277,496.0
Haiti,2010-01-01,11.1,6622541528.56888,506.0
Haiti,2009-01-01,4.1,6584649419.28348,484.0
Haiti,2008-01-01,4.1,6548530572.35291,484.0
Haiti,2007-01-01,4.1,5885325589.97642,473.0
Haiti,2006-01-01,2.0,4756204069.61876,467.0
Haiti,2005-01-01,3.6,4310358095.62898,459.0
Haiti,2004-01-01,3.6,3537720277.49988,513.0
Haiti,2003-01-01,3.6,2960306120.93557,446.0
Haiti,2002-01-01,3.6,3472191962.42287,441.0
Haiti,2001-01-01,3.6,3596443004.56165,437.0
Haiti,2000-01-01,,3953846310.66081,437.0
Haiti,1999-01-01,3.6,4153736347.44223,
Haiti,1998-01-01,3.6,3723909226.86781,
Haiti,1997-01-01,3.6,3338938830.01743,
Haiti,1996-01-01,,2907514522.92503,
Haiti,1995-01-01,,2813313278.81082,
Haiti,1994-01-01,,2167564194.7342,
Haiti,1993-01-01,,1878248741.04949,
Haiti,1992-01-01,,2257121668.19352,
Haiti,1991-01-01,,3473540601.82161,
Haiti,1990-01-01,,3096289800.0,
Haiti,1989-01-01,,2736243800.0,
Haiti,1988-01-01,,2613926800.0,
Haiti,1987-01-01,,2047200000.0,
Haiti,1986-01-01,,2318000000.0,
Haiti,1985-01-01,,2009400000.0,
Haiti,1984-01-01,,1816200000.0,
Haiti,1983-01-01,,1623600000.0,
Haiti,1982-01-01,,1474200000.0,
Haiti,1981-01-01,,1479400000.0,
Haiti,1980-01-01,,1383800000.0,
Haiti,1979-01-01,,1080600000.0,
Haiti,1978-01-01,,974200000.0,
Haiti,1977-01-01,,947000000.0,
Haiti,1976-01-01,,879000000.0,
Haiti,1975-01-01,,681400000.0,
Haiti,1974-01-01,,565400000.0,
Haiti,1973-01-01,,466800000.0,
Haiti,1972-01-01,,372000000.0,
Haiti,1971-01-01,,362800000.0,
Haiti,1970-01-01,,331200000.0,
Haiti,1969-01-01,,391820400.0,
Haiti,1968-01-01,,367968800.0,
Haiti,1967-01-01,,369124200.0,
Haiti,1966-01-01,,368948600.0,
Haiti,1965-01-01,,353251800.0,
Haiti,1964-01-01,,325281200.0,
Haiti,1963-01-01,,294883400.0,
Haiti,1962-01-01,,281896800.0,
Haiti,1961-01-01,,271066000.0,
Haiti,1960-01-01,,273187200.0,
Liberia,2019-01-01,12.33,,
Liberia,2018-01-01,12.3,3264000000.0,
Liberia,2017-01-01,12.3,3285455000.0,661.0
Liberia,2016-01-01,11.0,3277826000.0,661.0
Liberia,2015-01-01,11.0,3177000000.0,691.0
Liberia,2014-01-01,11.0,3144000000.0,688.0
Liberia,2013-01-01,11.0,3067000000.0,674.0
Liberia,2012-01-01,11.0,2721000000.0,683.0
Liberia,2011-01-01,9.6,2398000000.0,694.0
Liberia,2010-01-01,12.5,1998000000.0,708.0
Liberia,2009-01-01,12.5,1768000000.0,724.0
Liberia,2008-01-01,12.5,1726000000.0,738.0
Liberia,2007-01-01,12.5,1373000000.0,754.0
Liberia,2006-01-01,12.5,1119000000.0,782.0
Liberia,2005-01-01,12.5,949000000.0,816.0
Liberia,2004-01-01,5.3,897000000.0,837.0
Liberia,2003-01-01,7.8,748000000.0,878.0
Liberia,2002-01-01,7.8,927000000.0,1010.0
Liberia,2001-01-01,7.8,906000000.0,913.0
Liberia,2000-01-01,7.8,874000000.0,894.0
Liberia,1999-01-01,,,
Liberia,1998-01-01,,,
Liberia,1997-01-01,,,
Liberia,1996-01-01,,,
Liberia,1995-01-01,,,
Liberia,1994-01-01,,,
Liberia,1993-01-01,,,
Liberia,1992-01-01,,,
Liberia,1991-01-01,,,
Liberia,1990-01-01,,,
Liberia,1989-01-01,,,
Liberia,1988-01-01,,,
Liberia,1987-01-01,,,
Liberia,1986-01-01,,,
Liberia,1985-01-01,,,
Liberia,1984-01-01,,,
Liberia,1983-01-01,,,
Liberia,1982-01-01,,,
Liberia,1981-01-01,,,
Liberia,1980-01-01,,,
Liberia,1979-01-01,,,
Liberia,1978-01-01,,,
Liberia,1977-01-01,,,
Liberia,1976-01-01,,,
Liberia,1975-01-01,,,
Liberia,1974-01-01,,,
Liberia,1973-01-01,,,
Liberia,1972-01-01,,,
Liberia,1971-01-01,,,
Liberia,1970-01-01,,,
Liberia,1969-01-01,,,
Liberia,1968-01-01,,,
Liberia,1967-01-01,,,
Liberia,1966-01-01,,,
Liberia,1965-01-01,,,
Liberia,1964-01-01,,,
Liberia,1963-01-01,,,
Liberia,1962-01-01,,,
Liberia,1961-01-01,,,
Liberia,1960-01-01,,,
Madagascar,2019-01-01,15.89,,
Madagascar,2018-01-01,19.2,13853432868.227,
Madagascar,2017-01-01,19.2,13176313593.5509,335.0
Madagascar,2016-01-01,20.5,11848613735.1933,348.0
Madagascar,2015-01-01,20.5,11323020828.5758,363.0
Madagascar,2014-01-01,20.5,12522957228.1764,378.0
Madagascar,2013-01-01,17.5,12423555269.3893,394.0
Madagascar,2012-01-01,17.5,11578974887.9562,413.0
Madagascar,2011-01-01,12.5,11551819617.6271,432.0
Madagascar,2010-01-01,12.5,9982711338.11813,453.0
Madagascar,2009-01-01,,9616879571.46431,474.0
Madagascar,2008-01-01,7.9,10725137930.8286,491.0
Madagascar,2007-01-01,7.9,8524620739.24074,503.0
Madagascar,2006-01-01,6.9,5515884348.54904,513.0
Madagascar,2005-01-01,6.9,5039293030.82367,526.0
Madagascar,2004-01-01,6.9,4363934494.37405,539.0
Madagascar,2003-01-01,3.8,5474030080.24451,543.0
Madagascar,2002-01-01,,4397254607.61164,547.0
Madagascar,2001-01-01,8.0,4529575347.56805,552.0
Madagascar,2000-01-01,8.0,3877673539.09084,559.0
Madagascar,1999-01-01,8.0,3717515282.53319,
Madagascar,1998-01-01,,3738704467.51878,
Madagascar,1997-01-01,3.7,3545776697.12109,
Madagascar,1996-01-01,,3995028592.78722,
Madagascar,1995-01-01,,3159901231.97468,
Madagascar,1994-01-01,,2977040722.47057,
Madagascar,1993-01-01,,3370842210.90955,
Madagascar,1992-01-01,,3024459564.32157,
Madagascar,1991-01-01,,2653141958.52585,
Madagascar,1990-01-01,6.5,3081479800.28769,
Madagascar,1989-01-01,,2498059014.77295,
Madagascar,1988-01-01,,2442507588.38496,
Madagascar,1987-01-01,,2565634382.28689,
Madagascar,1986-01-01,,3258288890.58567,
Madagascar,1985-01-01,,2857889712.4808,
Madagascar,1984-01-01,,2939485471.50097,
Madagascar,1983-01-01,,3511573991.89742,
Madagascar,1982-01-01,,3526198070.09621,
Madagascar,1981-01-01,,3594868208.41885,
Madagascar,1980-01-01,,4042139901.36698,
Madagascar,1979-01-01,,3463565881.42486,
Madagascar,1978-01-01,,2669755115.50569,
Madagascar,1977-01-01,,2358930406.42896,
Madagascar,1976-01-01,,2181844193.9254,
Madagascar,1975-01-01,,2283049233.28758,
Madagascar,1974-01-01,,1917508190.04689,
Madagascar,1973-01-01,,1653062347.36254,
Madagascar,1972-01-01,,1341590681.58511,
Madagascar,1971-01-01,,1199507629.99179,
Madagascar,1970-01-01,,1111859569.7715,
Madagascar,1969-01-01,,1056391054.5386,
Madagascar,1968-01-01,,1031669636.36116,
Madagascar,1967-01-01,,956436931.142347,
Madagascar,1966-01-01,,900264583.688205,
Madagascar,1965-01-01,,833563472.162352,
Madagascar,1964-01-01,,802482182.924192,
Madagascar,1963-01-01,,759345862.971331,
Madagascar,1962-01-01,,739286906.851553,
Madagascar,1961-01-01,,699161943.857103,
Madagascar,1960-01-01,,673081724.076322,
Mali,2019-01-01,9.52,,
Mali,2018-01-01,8.8,17163432832.0957,
Mali,2017-01-01,8.8,15337740140.8637,562.0
Mali,2016-01-01,8.8,14010787737.8424,590.0
Mali,2015-01-01,8.8,13099497220.4728,620.0
Mali,2014-01-01,9.5,14345831014.6335,642.0
Mali,2013-01-01,10.2,13246412031.4145,663.0
Mali,2012-01-01,10.2,12442747897.2223,663.0
Mali,2011-01-01,10.2,12978107560.5982,663.0
Mali,2010-01-01,10.2,10678749467.4697,660.0
Mali,2009-01-01,10.2,10181021770.4326,661.0
Mali,2008-01-01,10.2,9750822511.47988,661.0
Mali,2007-01-01,10.2,8145694631.88354,663.0
Mali,2006-01-01,10.2,6899799785.8441,675.0
Mali,2005-01-01,10.2,6245031690.06808,691.0
Mali,2004-01-01,10.2,5444474268.42491,715.0
Mali,2003-01-01,10.2,4703504466.53245,739.0
Mali,2002-01-01,10.2,3889758023.73699,764.0
Mali,2001-01-01,12.2,3465305993.47783,797.0
Mali,2000-01-01,12.2,2954129565.82965,836.0
Mali,1999-01-01,12.2,3439463140.35541,
Mali,1998-01-01,12.2,2920358586.75234,
Mali,1997-01-01,12.2,2697105694.07956,
Mali,1996-01-01,,2780422212.26995,
Mali,1995-01-01,,2706425298.36818,
Mali,1994-01-01,,2081846482.74771,
Mali,1993-01-01,,2818280876.07615,
Mali,1992-01-01,,2830673388.82429,
Mali,1991-01-01,,2724131545.16958,
Mali,1990-01-01,,2681912030.49384,
Mali,1989-01-01,,2181821902.43953,
Mali,1988-01-01,,2169040741.55896,
Mali,1987-01-01,,2090629722.63611,
Mali,1986-01-01,,1852163474.54664,
Mali,1985-01-01,,1392195933.33971,
Mali,1984-01-01,,1232932008.13719,
Mali,1983-01-01,,1297765448.50498,
Mali,1982-01-01,,1333754034.23489,
Mali,1981-01-01,,1538972158.1782,
Mali,1980-01-01,,1759690811.60699,
Mali,1979-01-01,,1595423285.64659,
Mali,1978-01-01,,1222702356.10946,
Mali,1977-01-01,,1049838492.55759,
Mali,1976-01-01,,939227993.66396,
Mali,1975-01-01,,830710615.179954,
Mali,1974-01-01,,538747268.333356,
Mali,1973-01-01,,563683660.31194,
Mali,1972-01-01,,486617332.387405,
Mali,1971-01-01,,430096738.369216,
Mali,1970-01-01,,359772363.262207,
Mali,1969-01-01,,339913833.096246,
Mali,1968-01-01,,343771964.662167,
Mali,1967-01-01,,275494520.141999,
Mali,1966-01-01,,,
Mali,1965-01-01,,,
Mali,1964-01-01,,,
Mali,1963-01-01,,,
Mali,1962-01-01,,,
Mali,1961-01-01,,,
Mali,1960-01-01,,,
Mozambique,2019-01-01,39.6,,
Mozambique,2018-01-01,39.6,14717223206.9,
Mozambique,2017-01-01,39.6,13219084261.3664,289.0
Mozambique,2016-01-01,39.6,11936999283.1791,301.0
Mozambique,2015-01-01,39.6,15950969018.9458,318.0
Mozambique,2014-01-01,,17716084107.5888,339.0
Mozambique,2013-01-01,39.2,16974320551.0213,356.0
Mozambique,2012-01-01,39.2,16350804543.0515,371.0
Mozambique,2011-01-01,39.2,14381552432.9494,389.0
Mozambique,2010-01-01,39.2,11087646867.9421,412.0
Mozambique,2009-01-01,39.2,11899763735.4052,439.0
Mozambique,2008-01-01,34.8,12574681497.5762,471.0
Mozambique,2007-01-01,34.8,10423424155.2923,505.0
Mozambique,2006-01-01,34.8,9149485071.33634,539.0
Mozambique,2005-01-01,34.8,8512116725.20706,577.0
Mozambique,2004-01-01,34.8,7589038159.89336,615.0
Mozambique,2003-01-01,30.0,6254047514.32788,657.0
Mozambique,2002-01-01,30.0,5623299277.81063,700.0
Mozambique,2001-01-01,30.0,5311092495.99103,745.0
Mozambique,2000-01-01,30.0,5553894130.24062,798.0
Mozambique,1999-01-01,,5888561099.32603,
Mozambique,1998-01-01,25.2,5613212495.5788,
Mozambique,1997-01-01,25.2,4976735801.65633,
Mozambique,1996-01-01,,4163397088.64234,
Mozambique,1995-01-01,,2900913488.49338,
Mozambique,1994-01-01,,2793020800.85737,
Mozambique,1993-01-01,,2738413378.55281,
Mozambique,1992-01-01,,2644983401.51958,
Mozambique,1991-01-01,,3704316974.55559,
Mozambique,1990-01-01,15.7,,
Mozambique,1989-01-01,,,
Mozambique,1988-01-01,,,
Mozambique,1987-01-01,,,
Mozambique,1986-01-01,,,
Mozambique,1985-01-01,,,
Mozambique,1984-01-01,,,
Mozambique,1983-01-01,,,
Mozambique,1982-01-01,,,
Mozambique,1981-01-01,,,
Mozambique,1980-01-01,,,
Mozambique,1979-01-01,,,
Mozambique,1978-01-01,,,
Mozambique,1977-01-01,,,
Mozambique,1976-01-01,,,
Mozambique,1975-01-01,,,
Mozambique,1974-01-01,,,
Mozambique,1973-01-01,,,
Mozambique,1972-01-01,,,
Mozambique,1971-01-01,,,
Mozambique,1970-01-01,,,
Mozambique,1969-01-01,,,
Mozambique,1968-01-01,,,
Mozambique,1967-01-01,,,
Mozambique,1966-01-01,,,
Mozambique,1965-01-01,,,
Mozambique,1964-01-01,,,
Mozambique,1963-01-01,,,
Mozambique,1962-01-01,,,
Mozambique,1961-01-01,,,
Mozambique,1960-01-01,,,
Malawi,1999-01-01,8.3,1775921718.10534,
Malawi,1998-01-01,5.6,1750584265.28754,
Malawi,1997-01-01,5.6,2663234933.89767,
Malawi,1996-01-01,,2281034131.36493,
Malawi,1995-01-01,,1397457932.30697,
Malawi,1994-01-01,,1181802596.03498,
Malawi,1993-01-01,,2070636935.58644,
Malawi,1992-01-01,,1799517081.56412,
Malawi,1991-01-01,,2203545856.66893,
Malawi,1990-01-01,9.8,1880771556.30474,
Malawi,1989-01-01,,1590215582.53307,
Malawi,1988-01-01,,1379924257.21313,
Malawi,1987-01-01,,1183094127.76747,
Malawi,1986-01-01,,1183654827.79002,
Malawi,1985-01-01,,1131347798.26653,
Malawi,1984-01-01,,1208008985.42522,
Malawi,1983-01-01,,1223186840.31324,
Malawi,1982-01-01,,1180104216.01137,
Malawi,1981-01-01,,1237685691.94683,
Malawi,1980-01-01,,1237655461.1501,
Malawi,1979-01-01,,1058269065.98115,
Malawi,1978-01-01,,949034016.830627,
Malawi,1977-01-01,,806290840.624654,
Malawi,1976-01-01,,670317634.173056,
Malawi,1975-01-01,,613220652.928919,
Malawi,1974-01-01,,548621017.593913,
Malawi,1973-01-01,,444281703.893568,
Malawi,1972-01-01,,406062874.251497,
Malawi,1971-01-01,,365386929.835119,
Malawi,1970-01-01,,290531621.264851,
Malawi,1969-01-01,,265810632.425297,
Malawi,1968-01-01,,245169806.792272,
Malawi,1967-01-01,,269814968.240817,
Malawi,1966-01-01,,260394792.104158,
Malawi,1965-01-01,,229455410.891782,
Malawi,1964-01-01,,194736105.277894,
Malawi,1963-01-01,,190816183.676326,
Malawi,1962-01-01,,183116337.673247,
Malawi,1961-01-01,,174576508.469831,
Malawi,1960-01-01,,162956740.865183,
Malawi,2019-01-01,22.92,,
Malawi,2018-01-01,16.7,7064971176.34408,
Malawi,2017-01-01,16.7,6303292264.18905,349.0
Malawi,2016-01-01,16.7,5433040159.88747,358.0
Malawi,2015-01-01,16.7,6373212640.84604,370.0
Malawi,2014-01-01,16.7,6047813437.31804,381.0
Malawi,2013-01-01,22.3,5518880768.57955,396.0
Malawi,2012-01-01,22.3,6028487928.83351,413.0
Malawi,2011-01-01,22.3,8004000737.30717,428.0
Malawi,2010-01-01,20.8,6959655570.89098,444.0
Malawi,2009-01-01,20.8,6191127665.1963,466.0
Malawi,2008-01-01,13.0,5321012192.33619,493.0
Malawi,2007-01-01,13.0,4432937045.79897,526.0
Malawi,2006-01-01,13.6,3998020176.67364,566.0
Malawi,2005-01-01,13.6,3655909664.1423,610.0
Malawi,2004-01-01,14.0,3476094498.87517,654.0
Malawi,2003-01-01,9.3,3208837077.25069,687.0
Malawi,2002-01-01,9.3,3495748397.63025,714.0
Malawi,2001-01-01,9.3,1716502862.2954,735.0
Malawi,2000-01-01,9.3,1743506531.32652,749.0
Niger,2019-01-01,16.96,,
Niger,2018-01-01,17.0,9290938457.2883,
Niger,2017-01-01,17.0,8119710126.32655,509.0
Niger,2016-01-01,14.6,7528285443.60769,530.0
Niger,2015-01-01,13.3,7217667780.59665,555.0
Niger,2014-01-01,13.3,8229731383.75656,573.0
Niger,2013-01-01,13.3,7667952566.39139,594.0
Niger,2012-01-01,13.3,6942258305.19085,616.0
Niger,2011-01-01,13.3,6409184724.22579,639.0
Niger,2010-01-01,,5718664504.91341,663.0
Niger,2009-01-01,9.7,5373097440.5653,688.0
Niger,2008-01-01,12.4,5379299887.69673,709.0
Niger,2007-01-01,12.4,4291363390.91295,725.0
Niger,2006-01-01,12.4,3646728060.06463,739.0
Niger,2005-01-01,12.4,3405134831.8505,755.0
Niger,2004-01-01,12.4,3052898739.4678,770.0
Niger,2003-01-01,1.2,2731416346.48158,782.0
Niger,2002-01-01,1.2,2170481508.86916,795.0
Niger,2001-01-01,1.2,1945327564.65042,803.0
Niger,2000-01-01,1.2,1798374468.36362,813.0
Niger,1999-01-01,,2018193703.06047,
Niger,1998-01-01,1.2,2076737356.67897,
Niger,1997-01-01,1.2,1845599608.44272,
Niger,1996-01-01,,1987770898.54334,
Niger,1995-01-01,,1880803361.68562,
Niger,1994-01-01,,1563207224.65066,
Niger,1993-01-01,,1606581743.78497,
Niger,1992-01-01,,2344987614.27441,
Niger,1991-01-01,,2327986215.86356,
Niger,1990-01-01,5.4,2480673194.99252,
Niger,1989-01-01,,2179567107.50159,
Niger,1988-01-01,,2280356338.22867,
Niger,1987-01-01,,2233005822.58534,
Niger,1986-01-01,,1904097020.29333,
Niger,1985-01-01,,1440581533.7564,
Niger,1984-01-01,,1461243212.42814,
Niger,1983-01-01,,1803099731.54257,
Niger,1982-01-01,,2017611927.4037,
Niger,1981-01-01,,2170893038.90053,
Niger,1980-01-01,,2508524186.43352,
Niger,1979-01-01,,2109278101.9887,
Niger,1978-01-01,,1774365275.18226,
Niger,1977-01-01,,1291457973.12517,
Niger,1976-01-01,,1064517574.56042,
Niger,1975-01-01,,1048690933.21027,
Niger,1974-01-01,,1026136974.47536,
Niger,1973-01-01,,946385033.011918,
Niger,1972-01-01,,742779740.393513,
Niger,1971-01-01,,693573595.320975,
Niger,1970-01-01,,649916708.242419,
Niger,1969-01-01,,625867922.677513,
Niger,1968-01-01,,641214210.668969,
Niger,1967-01-01,,665586975.088302,
Niger,1966-01-01,,702296184.361344,
Niger,1965-01-01,,673383604.238783,
Niger,1964-01-01,,582816358.347155,
Niger,1963-01-01,,586294761.493516,
Niger,1962-01-01,,531736492.909178,
Niger,1961-01-01,,485785234.940376,
Niger,1960-01-01,,449526872.565561,
Nepal,2019-01-01,32.73,,
Nepal,2018-01-01,32.7,29040398982.3466,
Nepal,2017-01-01,29.6,25180583769.9244,186.0
Nepal,2016-01-01,29.6,21185922407.5922,200.0
Nepal,2015-01-01,29.5,21410840908.5198,236.0
Nepal,2014-01-01,29.5,20002968837.9471,231.0
Nepal,2013-01-01,33.2,19271168018.482,248.0
Nepal,2012-01-01,33.2,18851513891.066,266.0
Nepal,2011-01-01,33.2,18913574370.76,285.0
Nepal,2010-01-01,33.2,16002656434.4746,305.0
Nepal,2009-01-01,33.2,12854985464.0764,323.0
Nepal,2008-01-01,33.2,12545438605.3959,342.0
Nepal,2007-01-01,17.3,10325618017.379,361.0
Nepal,2006-01-01,5.9,9043715355.8881,386.0
Nepal,2005-01-01,5.9,8130258041.46706,415.0
Nepal,2004-01-01,5.9,7273938314.71988,447.0
Nepal,2003-01-01,5.9,6330473096.54071,470.0
Nepal,2002-01-01,5.9,6050875806.66403,520.0
Nepal,2001-01-01,5.9,6007055042.17687,521.0
Nepal,2000-01-01,5.9,5494252207.90502,553.0
Nepal,1999-01-01,5.9,5033642384.10596,
Nepal,1998-01-01,3.4,4856255044.39064,
Nepal,1997-01-01,3.4,4918691916.53516,
Nepal,1996-01-01,,4521580381.47139,
Nepal,1995-01-01,,4401104417.67068,
Nepal,1994-01-01,,4066775510.20408,
Nepal,1993-01-01,,3660041666.66667,
Nepal,1992-01-01,,3401211581.29176,
Nepal,1991-01-01,,3921476084.89072,
Nepal,1990-01-01,6.1,3627562402.66027,
Nepal,1989-01-01,,3525228153.17361,
Nepal,1988-01-01,,3487009748.35638,
Nepal,1987-01-01,,2957255379.54315,
Nepal,1986-01-01,,2850784523.37711,
Nepal,1985-01-01,,2619913955.51556,
Nepal,1984-01-01,,2581207387.79709,
Nepal,1983-01-01,,2447174803.37791,
Nepal,1982-01-01,,2395429852.43076,
Nepal,1981-01-01,,2275583316.66667,
Nepal,1980-01-01,,1945916583.33333,
Nepal,1979-01-01,,1851250008.33333,
Nepal,1978-01-01,,1604162497.45945,
Nepal,1977-01-01,,1382400000.0,
Nepal,1976-01-01,,1452792989.10865,
Nepal,1975-01-01,,1575789254.46938,
Nepal,1974-01-01,,1217953546.97604,
Nepal,1973-01-01,,972101724.995368,
Nepal,1972-01-01,,1024098804.93827,
Nepal,1971-01-01,,882765471.604938,
Nepal,1970-01-01,,865975308.641975,
Nepal,1969-01-01,,788641965.432099,
Nepal,1968-01-01,,772228643.405428,
Nepal,1967-01-01,,841974025.462659,
Nepal,1966-01-01,,906811943.824649,
Nepal,1965-01-01,,735267082.294264,
Nepal,1964-01-01,,496098775.308642,
Nepal,1963-01-01,,496947904.443033,
Nepal,1962-01-01,,574091101.194382,
Nepal,1961-01-01,,531959561.62226,
Nepal,1960-01-01,,508334413.965087,
"Korea, Dem. People���s Rep.",2019-01-01,17.61,,
"Korea, Dem. People���s Rep.",2018-01-01,16.3,,
"Korea, Dem. People���s Rep.",2017-01-01,16.3,,89.0
"Korea, Dem. People���s Rep.",2016-01-01,16.3,,90.0
"Korea, Dem. People���s Rep.",2015-01-01,16.3,,91.0
"Korea, Dem. People���s Rep.",2014-01-01,16.3,,93.0
"Korea, Dem. People���s Rep.",2013-01-01,15.6,,94.0
"Korea, Dem. People���s Rep.",2012-01-01,15.6,,96.0
"Korea, Dem. People���s Rep.",2011-01-01,15.6,,100.0
"Korea, Dem. People���s Rep.",2010-01-01,15.6,,106.0
"Korea, Dem. People���s Rep.",2009-01-01,15.6,,113.0
"Korea, Dem. People���s Rep.",2008-01-01,20.1,,118.0
"Korea, Dem. People���s Rep.",2007-01-01,20.1,,119.0
"Korea, Dem. People���s Rep.",2006-01-01,20.1,,120.0
"Korea, Dem. People���s Rep.",2005-01-01,20.1,,120.0
"Korea, Dem. People���s Rep.",2004-01-01,20.1,,120.0
"Korea, Dem. People���s Rep.",2003-01-01,,,121.0
"Korea, Dem. People���s Rep.",2002-01-01,20.1,,122.0
"Korea, Dem. People���s Rep.",2001-01-01,20.1,,128.0
"Korea, Dem. People���s Rep.",2000-01-01,20.1,,139.0
"Korea, Dem. People���s Rep.",1999-01-01,20.1,,
"Korea, Dem. People���s Rep.",1998-01-01,20.1,,
"Korea, Dem. People���s Rep.",1997-01-01,20.1,,
"Korea, Dem. People���s Rep.",1996-01-01,,,
"Korea, Dem. People���s Rep.",1995-01-01,,,
"Korea, Dem. People���s Rep.",1994-01-01,,,
"Korea, Dem. People���s Rep.",1993-01-01,,,
"Korea, Dem. People���s Rep.",1992-01-01,,,
"Korea, Dem. People���s Rep.",1991-01-01,,,
"Korea, Dem. People���s Rep.",1990-01-01,21.1,,
"Korea, Dem. People���s Rep.",1989-01-01,,,
"Korea, Dem. People���s Rep.",1988-01-01,,,
"Korea, Dem. People���s Rep.",1987-01-01,,,
"Korea, Dem. People���s Rep.",1986-01-01,,,
"Korea, Dem. People���s Rep.",1985-01-01,,,
"Korea, Dem. People���s Rep.",1984-01-01,,,
"Korea, Dem. People���s Rep.",1983-01-01,,,
"Korea, Dem. People���s Rep.",1982-01-01,,,
"Korea, Dem. People���s Rep.",1981-01-01,,,
"Korea, Dem. People���s Rep.",1980-01-01,,,
"Korea, Dem. People���s Rep.",1979-01-01,,,
"Korea, Dem. People���s Rep.",1978-01-01,,,
"Korea, Dem. People���s Rep.",1977-01-01,,,
"Korea, Dem. People���s Rep.",1976-01-01,,,
"Korea, Dem. People���s Rep.",1975-01-01,,,
"Korea, Dem. People���s Rep.",1974-01-01,,,
"Korea, Dem. People���s Rep.",1973-01-01,,,
"Korea, Dem. People���s Rep.",1972-01-01,,,
"Korea, Dem. People���s Rep.",1971-01-01,,,
"Korea, Dem. People���s Rep.",1970-01-01,,,
"Korea, Dem. People���s Rep.",1969-01-01,,,
"Korea, Dem. People���s Rep.",1968-01-01,,,
"Korea, Dem. People���s Rep.",1967-01-01,,,
"Korea, Dem. People���s Rep.",1966-01-01,,,
"Korea, Dem. People���s Rep.",1965-01-01,,,
"Korea, Dem. People���s Rep.",1964-01-01,,,
"Korea, Dem. People���s Rep.",1963-01-01,,,
"Korea, Dem. People���s Rep.",1962-01-01,,,
"Korea, Dem. People���s Rep.",1961-01-01,,,
"Korea, Dem. People���s Rep.",1960-01-01,,,
Rwanda,2019-01-01,61.25,,
Rwanda,2018-01-01,61.3,9508715596.4368,
Rwanda,2017-01-01,61.3,9140429057.8874,248.0
Rwanda,2016-01-01,63.8,8475622319.014,260.0
Rwanda,2015-01-01,63.8,8277614580.58676,275.0
Rwanda,2014-01-01,63.8,8016593394.23229,291.0
Rwanda,2013-01-01,63.8,7621924854.16834,308.0
Rwanda,2012-01-01,56.3,7428848122.01823,329.0
Rwanda,2011-01-01,56.3,6646901207.96626,349.0
Rwanda,2010-01-01,56.3,5849863212.53084,373.0
Rwanda,2009-01-01,56.3,5450464409.08754,424.0
Rwanda,2008-01-01,56.3,4924731465.94296,427.0
Rwanda,2007-01-01,48.8,3875655218.43662,469.0
Rwanda,2006-01-01,48.8,3194248865.75436,541.0
Rwanda,2005-01-01,48.8,2581313485.68523,643.0
Rwanda,2004-01-01,48.8,2088961968.93579,758.0
Rwanda,2003-01-01,48.8,1846198770.58709,870.0
Rwanda,2002-01-01,25.7,1677552332.39623,961.0
Rwanda,2001-01-01,25.7,1674685248.19528,1100.0
Rwanda,2000-01-01,25.7,1734938652.21165,1160.0
Rwanda,1999-01-01,17.1,1817654508.16444,
Rwanda,1998-01-01,17.1,1989343495.21844,
Rwanda,1997-01-01,17.1,1851558301.7002,
Rwanda,1996-01-01,,1382334879.40812,
Rwanda,1995-01-01,,1293535010.94467,
Rwanda,1994-01-01,,753636370.454546,
Rwanda,1993-01-01,,1971525998.87685,
Rwanda,1992-01-01,,2029026704.02707,
Rwanda,1991-01-01,,1911600969.76612,
Rwanda,1990-01-01,17.1,2550185618.14774,
Rwanda,1989-01-01,,2405021932.89997,
Rwanda,1988-01-01,,2395493877.51365,
Rwanda,1987-01-01,,2157434025.16467,
Rwanda,1986-01-01,,1944711061.30888,
Rwanda,1985-01-01,,1715625839.17973,
Rwanda,1984-01-01,,1587412957.22263,
Rwanda,1983-01-01,,1479688125.8852,
Rwanda,1982-01-01,,1407242640.23211,
Rwanda,1981-01-01,,1407062607.63214,
Rwanda,1980-01-01,,1254765349.93185,
Rwanda,1979-01-01,,1109346220.52885,
Rwanda,1978-01-01,,905709147.27019,
Rwanda,1977-01-01,,746650558.55469,
Rwanda,1976-01-01,,637754162.101094,
Rwanda,1975-01-01,,571863295.740122,
Rwanda,1974-01-01,,308458423.183854,
Rwanda,1973-01-01,,290746157.145921,
Rwanda,1972-01-01,,246457838.336681,
Rwanda,1971-01-01,,222952578.196381,
Rwanda,1970-01-01,,219900006.0,
Rwanda,1969-01-01,,188700037.0,
Rwanda,1968-01-01,,172200018.0,
Rwanda,1967-01-01,,159560018.0,
Rwanda,1966-01-01,,124525702.857143,
Rwanda,1965-01-01,,148799980.0,
Rwanda,1964-01-01,,129999994.0,
Rwanda,1963-01-01,,128000000.0,
Rwanda,1962-01-01,,125000008.0,
Rwanda,1961-01-01,,122000016.0,
Rwanda,1960-01-01,,119000024.0,
Sierra Leone,2019-01-01,12.33,,
Sierra Leone,2018-01-01,12.3,4085114794.22324,
Sierra Leone,2017-01-01,12.4,3739577973.23943,1120.0
Sierra Leone,2016-01-01,12.4,3674794530.18956,1120.0
Sierra Leone,2015-01-01,12.4,4218723875.1379,1180.0
Sierra Leone,2014-01-01,12.1,5015157815.73406,1190.0
Sierra Leone,2013-01-01,12.4,4920343194.99339,1180.0
Sierra Leone,2012-01-01,12.4,3801862611.36414,1210.0
Sierra Leone,2011-01-01,12.9,2942546781.04548,1270.0
Sierra Leone,2010-01-01,13.2,2578026297.15912,1360.0
Sierra Leone,2009-01-01,13.2,2453899846.88317,1450.0
Sierra Leone,2008-01-01,13.2,2505458705.03338,1530.0
Sierra Leone,2007-01-01,13.2,2158496872.85796,1610.0
Sierra Leone,2006-01-01,14.5,1885112201.85278,1680.0
Sierra Leone,2005-01-01,14.5,1650494366.99875,1760.0
Sierra Leone,2004-01-01,14.5,1448536630.88143,1850.0
Sierra Leone,2003-01-01,14.5,1385810072.19217,1960.0
Sierra Leone,2002-01-01,,1253340519.53311,2080.0
Sierra Leone,2001-01-01,8.8,1090467712.30773,2250.0
Sierra Leone,2000-01-01,8.8,635874002.198748,2480.0
Sierra Leone,1999-01-01,8.8,669384768.87263,
Sierra Leone,1998-01-01,,672375927.347148,
Sierra Leone,1997-01-01,,850218033.622007,
Sierra Leone,1996-01-01,,941742152.709895,
Sierra Leone,1995-01-01,,870758739.40678,
Sierra Leone,1994-01-01,,911915970.683484,
Sierra Leone,1993-01-01,,768812334.801762,
Sierra Leone,1992-01-01,,679997997.597117,
Sierra Leone,1991-01-01,,779981458.921489,
Sierra Leone,1990-01-01,,649644826.800447,
Sierra Leone,1989-01-01,,932974411.917142,
Sierra Leone,1988-01-01,,1055083945.37738,
Sierra Leone,1987-01-01,,701307602.28443,
Sierra Leone,1986-01-01,,490181456.62441,
Sierra Leone,1985-01-01,,856890498.625834,
Sierra Leone,1984-01-01,,1087471861.98928,
Sierra Leone,1983-01-01,,995104305.347075,
Sierra Leone,1982-01-01,,1295361885.92419,
Sierra Leone,1981-01-01,,1114830471.91787,
Sierra Leone,1980-01-01,,1100685844.92284,
Sierra Leone,1979-01-01,,1109374722.08294,
Sierra Leone,1978-01-01,,960728338.93643,
Sierra Leone,1977-01-01,,691777758.395115,
Sierra Leone,1976-01-01,,594895672.333848,
Sierra Leone,1975-01-01,,679335901.117451,
Sierra Leone,1974-01-01,,648590642.939888,
Sierra Leone,1973-01-01,,575230234.387058,
Sierra Leone,1972-01-01,,465381089.98454,
Sierra Leone,1971-01-01,,419549425.077086,
Sierra Leone,1970-01-01,,434410373.764149,
Sierra Leone,1969-01-01,,408690163.476065,
Sierra Leone,1968-01-01,,329860091.944037,
Sierra Leone,1967-01-01,,348795303.000385,
Sierra Leone,1966-01-01,,375479849.80806,
Sierra Leone,1965-01-01,,359379856.248057,
Sierra Leone,1964-01-01,,371848114.747956,
Sierra Leone,1963-01-01,,348546952.134368,
Sierra Leone,1962-01-01,,342721579.817636,
Sierra Leone,1961-01-01,,327834680.557103,
Sierra Leone,1960-01-01,,322009471.56704,
Somalia,2019-01-01,24.36,,
Somalia,2018-01-01,24.4,4720727278.18833,
Somalia,2017-01-01,24.4,4508845348.32757,829.0
Somalia,2016-01-01,13.8,4198485403.87919,865.0
Somalia,2015-01-01,13.8,4048860871.41323,855.0
Somalia,2014-01-01,13.8,3963532308.99597,878.0
Somalia,2013-01-01,13.8,3892402684.75612,893.0
Somalia,2012-01-01,13.8,,943.0
Somalia,2011-01-01,6.8,,955.0
Somalia,2010-01-01,6.8,,985.0
Somalia,2009-01-01,6.9,,994.0
Somalia,2008-01-01,8.2,,1010.0
Somalia,2007-01-01,8.2,,1030.0
Somalia,2006-01-01,7.8,,1040.0
Somalia,2005-01-01,8.0,,1040.0
Somalia,2004-01-01,,,1080.0
Somalia,2003-01-01,,,1100.0
Somalia,2002-01-01,,,1140.0
Somalia,2001-01-01,,,1170.0
Somalia,2000-01-01,,,1210.0
Somalia,1999-01-01,,,
Somalia,1998-01-01,,,
Somalia,1997-01-01,,,
Somalia,1996-01-01,,,
Somalia,1995-01-01,,,
Somalia,1994-01-01,,,
Somalia,1993-01-01,,,
Somalia,1992-01-01,,,
Somalia,1991-01-01,,,
Somalia,1990-01-01,4.0,917044228.012679,
Somalia,1989-01-01,,1092392963.199,
Somalia,1988-01-01,,1038291284.49695,
Somalia,1987-01-01,,1009792724.39772,
Somalia,1986-01-01,,930318705.332201,
Somalia,1985-01-01,,876404617.656501,
Somalia,1984-01-01,,788307213.438235,
Somalia,1983-01-01,,733901365.935354,
Somalia,1982-01-01,,774419569.699066,
Somalia,1981-01-01,,699112266.835764,
Somalia,1980-01-01,,603592656.822209,
Somalia,1979-01-01,,590419855.11811,
Somalia,1978-01-01,,564986059.668508,
Somalia,1977-01-01,,498550873.043478,
Somalia,1976-01-01,,807275808.737093,
Somalia,1975-01-01,,710850226.528991,
Somalia,1974-01-01,,467577432.247816,
Somalia,1973-01-01,,507028428.241662,
Somalia,1972-01-01,,416942436.927838,
Somalia,1971-01-01,,331102742.193418,
Somalia,1970-01-01,,322600009.142857,
Somalia,1969-01-01,,306357284.571429,
Somalia,1968-01-01,,286718279.690322,
Somalia,1967-01-01,,271780364.837811,
Somalia,1966-01-01,,257374455.753265,
Somalia,1965-01-01,,243724533.172801,
Somalia,1964-01-01,,229529912.668035,
Somalia,1963-01-01,,216145935.941626,
Somalia,1962-01-01,,203531927.547229,
Somalia,1961-01-01,,191659914.376034,
Somalia,1960-01-01,,180459936.776025,
South Sudan,2019-01-01,28.46,,
South Sudan,2018-01-01,28.5,,
South Sudan,2017-01-01,28.5,,1150.0
South Sudan,2016-01-01,28.5,,1130.0
South Sudan,2015-01-01,26.5,11997800751.0613,1110.0
South Sudan,2014-01-01,26.5,13962212837.4671,1140.0
South Sudan,2013-01-01,26.5,18426469030.2078,1090.0
South Sudan,2012-01-01,26.5,11931472172.5786,1050.0
South Sudan,2011-01-01,26.5,14907308933.929,1070.0
South Sudan,2010-01-01,,14602072425.3919,1100.0
South Sudan,2009-01-01,,12231264525.0671,1170.0
South Sudan,2008-01-01,,14586253365.7704,1250.0
South Sudan,2007-01-01,,,1330.0
South Sudan,2006-01-01,,,1410.0
South Sudan,2005-01-01,,,1480.0
South Sudan,2004-01-01,,,1550.0
South Sudan,2003-01-01,,,1610.0
South Sudan,2002-01-01,,,1660.0
South Sudan,2001-01-01,,,1690.0
South Sudan,2000-01-01,,,1730.0
South Sudan,1999-01-01,,,
South Sudan,1998-01-01,,,
South Sudan,1997-01-01,,,
South Sudan,1996-01-01,,,
South Sudan,1995-01-01,,,
South Sudan,1994-01-01,,,
South Sudan,1993-01-01,,,
South Sudan,1992-01-01,,,
South Sudan,1991-01-01,,,
South Sudan,1990-01-01,,,
South Sudan,1989-01-01,,,
South Sudan,1988-01-01,,,
South Sudan,1987-01-01,,,
South Sudan,1986-01-01,,,
South Sudan,1985-01-01,,,
South Sudan,1984-01-01,,,
South Sudan,1983-01-01,,,
South Sudan,1982-01-01,,,
South Sudan,1981-01-01,,,
South Sudan,1980-01-01,,,
South Sudan,1979-01-01,,,
South Sudan,1978-01-01,,,
South Sudan,1977-01-01,,,
South Sudan,1976-01-01,,,
South Sudan,1975-01-01,,,
South Sudan,1974-01-01,,,
South Sudan,1973-01-01,,,
South Sudan,1972-01-01,,,
South Sudan,1971-01-01,,,
South Sudan,1970-01-01,,,
South Sudan,1969-01-01,,,
South Sudan,1968-01-01,,,
South Sudan,1967-01-01,,,
South Sudan,1966-01-01,,,
South Sudan,1965-01-01,,,
South Sudan,1964-01-01,,,
South Sudan,1963-01-01,,,
South Sudan,1962-01-01,,,
South Sudan,1961-01-01,,,
South Sudan,1960-01-01,,,
Syrian Arab Republic,2019-01-01,13.2,,
Syrian Arab Republic,2018-01-01,13.2,,
Syrian Arab Republic,2017-01-01,13.2,,31.0
Syrian Arab Republic,2016-01-01,13.2,,30.0
Syrian Arab Republic,2015-01-01,12.4,,30.0
Syrian Arab Republic,2014-01-01,12.0,,30.0
Syrian Arab Republic,2013-01-01,12.0,,29.0
Syrian Arab Republic,2012-01-01,12.0,,28.0
Syrian Arab Republic,2011-01-01,12.4,,28.0
Syrian Arab Republic,2010-01-01,12.4,,27.0
Syrian Arab Republic,2009-01-01,12.4,,26.0
Syrian Arab Republic,2008-01-01,12.4,,26.0
Syrian Arab Republic,2007-01-01,12.0,40405006007.2086,26.0
Syrian Arab Republic,2006-01-01,12.0,33332844574.7801,26.0
Syrian Arab Republic,2005-01-01,12.0,28858965517.2414,25.0
Syrian Arab Republic,2004-01-01,12.0,25086930693.0693,26.0
Syrian Arab Republic,2003-01-01,12.0,21828144686.0394,25.0
Syrian Arab Republic,2002-01-01,10.4,21582248881.6592,26.0
Syrian Arab Republic,2001-01-01,10.4,21099833783.503,26.0
Syrian Arab Republic,2000-01-01,10.4,19325894913.1254,26.0
Syrian Arab Republic,1999-01-01,10.4,15873875968.9922,
Syrian Arab Republic,1998-01-01,9.6,15200846138.4615,
Syrian Arab Republic,1997-01-01,9.6,14505233968.8716,
Syrian Arab Republic,1996-01-01,,13789560878.2435,
Syrian Arab Republic,1995-01-01,,11396706586.8263,
Syrian Arab Republic,1994-01-01,,10122020000.0,
Syrian Arab Republic,1993-01-01,,13695962019.2084,
Syrian Arab Republic,1992-01-01,,13253565898.9558,
Syrian Arab Republic,1991-01-01,,12981833333.3333,
Syrian Arab Republic,1990-01-01,9.2,12308624283.9787,
Syrian Arab Republic,1989-01-01,,9853396225.58749,
Syrian Arab Republic,1988-01-01,,10577042354.799,
Syrian Arab Republic,1987-01-01,,11356215712.9326,
Syrian Arab Republic,1986-01-01,,13293209270.1036,
Syrian Arab Republic,1985-01-01,,16403544510.5268,
Syrian Arab Republic,1984-01-01,,17503082982.2832,
Syrian Arab Republic,1983-01-01,,17589184556.6946,
Syrian Arab Republic,1982-01-01,,16298905397.0701,
Syrian Arab Republic,1981-01-01,,15518199247.3393,
Syrian Arab Republic,1980-01-01,,13062421024.9337,
Syrian Arab Republic,1979-01-01,,9929682184.32718,
Syrian Arab Republic,1978-01-01,,9275203105.57946,
Syrian Arab Republic,1977-01-01,,7696011359.94156,
Syrian Arab Republic,1976-01-01,,7633528920.63247,
Syrian Arab Republic,1975-01-01,,6826980766.8048,
Syrian Arab Republic,1974-01-01,,5159557176.25012,
Syrian Arab Republic,1973-01-01,,3239488104.60091,
Syrian Arab Republic,1972-01-01,,3059682162.06566,
Syrian Arab Republic,1971-01-01,,2589851693.01656,
Syrian Arab Republic,1970-01-01,,2140383695.94618,
Syrian Arab Republic,1969-01-01,,2245011571.98652,
Syrian Arab Republic,1968-01-01,,1753746369.66049,
Syrian Arab Republic,1967-01-01,,1580229795.10881,
Syrian Arab Republic,1966-01-01,,1342287556.59602,
Syrian Arab Republic,1965-01-01,,1472036550.70992,
Syrian Arab Republic,1964-01-01,,1339494290.42432,
Syrian Arab Republic,1963-01-01,,1200447429.35563,
Syrian Arab Republic,1962-01-01,,1110565863.53737,
Syrian Arab Republic,1961-01-01,,945244992.211306,
Syrian Arab Republic,1960-01-01,,857704431.686497,
Chad,2019-01-01,14.88,,
Chad,2018-01-01,15.3,11273115239.4255,
Chad,2017-01-01,12.8,9975692095.40855,1140.0
Chad,2016-01-01,14.9,10090922857.3905,1140.0
Chad,2015-01-01,14.9,10945989471.6286,1160.0
Chad,2014-01-01,14.9,13922223233.5184,1170.0
Chad,2013-01-01,14.9,12949854262.8127,1170.0
Chad,2012-01-01,14.9,12368071038.7362,1190.0
Chad,2011-01-01,12.8,12156380425.0825,1210.0
Chad,2010-01-01,5.2,10657705536.4978,1240.0
Chad,2009-01-01,5.2,9253484108.49701,1270.0
Chad,2008-01-01,5.2,10351932604.4154,1310.0
Chad,2007-01-01,5.2,8638711442.7705,1300.0
Chad,2006-01-01,6.5,7422102655.98832,1340.0
Chad,2005-01-01,6.5,6646663561.2656,1330.0
Chad,2004-01-01,6.5,4414929219.99649,1350.0
Chad,2003-01-01,5.8,2736666515.8294,1370.0
Chad,2002-01-01,,1987622279.11463,1400.0
Chad,2001-01-01,2.4,1709347793.32873,1410.0
Chad,2000-01-01,2.4,1385058161.76746,1420.0
Chad,1999-01-01,2.4,1534673583.2487,
Chad,1998-01-01,2.4,1744794457.276,
Chad,1997-01-01,2.4,1544689502.82472,
Chad,1996-01-01,,1607345450.04578,
Chad,1995-01-01,,1445919969.89272,
Chad,1994-01-01,,1179837954.72193,
Chad,1993-01-01,,1463251055.40068,
Chad,1992-01-01,,1881847676.80752,
Chad,1991-01-01,,1877138041.64308,
Chad,1990-01-01,,1738605558.05432,
Chad,1989-01-01,,1433686309.83642,
Chad,1988-01-01,,1482597298.88718,
Chad,1987-01-01,,1163426850.65015,
Chad,1986-01-01,,1067828247.23577,
Chad,1985-01-01,,1033069709.99507,
Chad,1984-01-01,,919103735.322921,
Chad,1983-01-01,,832415805.956327,
Chad,1982-01-01,,834369860.427292,
Chad,1981-01-01,,876937559.725038,
Chad,1980-01-01,,1033002401.82546,
Chad,1979-01-01,,1004316495.11165,
Chad,1978-01-01,,1113920122.61212,
Chad,1977-01-01,,935360466.351397,
Chad,1976-01-01,,866044961.048205,
Chad,1975-01-01,,864602103.303151,
Chad,1974-01-01,,652532796.066703,
Chad,1973-01-01,,647199482.828061,
Chad,1972-01-01,,585427545.723712,
Chad,1971-01-01,,501866730.722561,
Chad,1970-01-01,,469266736.605177,
Chad,1969-01-01,,471635620.924431,
Chad,1968-01-01,,453980096.654503,
Chad,1967-01-01,,449826322.995072,
Chad,1966-01-01,,432794922.459835,
Chad,1965-01-01,,416926302.963509,
Chad,1964-01-01,,392247517.602016,
Chad,1963-01-01,,371767002.655998,
Chad,1962-01-01,,357635713.876922,
Chad,1961-01-01,,333975336.626541,
Chad,1960-01-01,,313582727.638056,
Togo,2019-01-01,16.48,,
Togo,2018-01-01,17.6,5358722982.70893,
Togo,2017-01-01,17.6,4808043652.61932,396.0
Togo,2016-01-01,17.6,4483932937.18367,395.0
Togo,2015-01-01,17.6,4179185205.16122,398.0
Togo,2014-01-01,17.6,4569131195.45321,401.0
Togo,2013-01-01,15.4,4320427495.74933,404.0
Togo,2012-01-01,11.1,3873529926.22723,410.0
Togo,2011-01-01,11.1,3867391618.08827,422.0
Togo,2010-01-01,11.1,3426022205.75557,440.0
Togo,2009-01-01,11.1,3365711796.38206,458.0
Togo,2008-01-01,11.1,3310277926.58997,473.0
Togo,2007-01-01,11.1,2659095101.10026,480.0
Togo,2006-01-01,8.6,2349495620.59025,482.0
Togo,2005-01-01,7.4,2280575830.08337,492.0
Togo,2004-01-01,6.2,2255942249.33218,488.0
Togo,2003-01-01,7.4,2111093197.99043,489.0
Togo,2002-01-01,4.9,1698678686.38235,489.0
Togo,2001-01-01,4.9,1481141849.98469,489.0
Togo,2000-01-01,4.9,1488185772.47585,489.0
Togo,1999-01-01,,1576094566.48548,
Togo,1998-01-01,1.2,1587345950.9743,
Togo,1997-01-01,1.2,1498950899.08774,
Togo,1996-01-01,,1465448290.34132,
Togo,1995-01-01,,1309382885.33029,
Togo,1994-01-01,,982624324.505898,
Togo,1993-01-01,,1233496846.33493,
Togo,1992-01-01,,1692959110.18022,
Togo,1991-01-01,,1602299862.9243,
Togo,1990-01-01,5.2,1628427515.41881,
Togo,1989-01-01,,1352949662.75172,
Togo,1988-01-01,,1378847487.41137,
Togo,1987-01-01,,1249099130.02277,
Togo,1986-01-01,,1060911735.26065,
Togo,1985-01-01,,762359722.701402,
Togo,1984-01-01,,718148959.610872,
Togo,1983-01-01,,765746590.616849,
Togo,1982-01-01,,821651918.724626,
Togo,1981-01-01,,962347000.991788,
Togo,1980-01-01,,1136408814.19692,
Togo,1979-01-01,,891775906.631014,
Togo,1978-01-01,,824263841.539264,
Togo,1977-01-01,,777435020.475847,
Togo,1976-01-01,,619375134.18051,
Togo,1975-01-01,,617321669.390877,
Togo,1974-01-01,,560437742.594972,
Togo,1973-01-01,,406479906.159652,
Togo,1972-01-01,,335677636.893737,
Togo,1971-01-01,,286537524.990331,
Togo,1970-01-01,,253976626.166639,
Togo,1969-01-01,,267732446.378413,
Togo,1968-01-01,,241956910.658103,
Togo,1967-01-01,,231706475.464114,
Togo,1966-01-01,,216136263.912497,
Togo,1965-01-01,,187300336.365369,
Togo,1964-01-01,,166104067.630043,
Togo,1963-01-01,,143255784.510751,
Togo,1962-01-01,,132237441.630863,
Togo,1961-01-01,,126396469.707058,
Togo,1960-01-01,,121128073.114022,
Tajikistan,2019-01-01,19.05,,
Tajikistan,2018-01-01,19.0,7522947810.12326,
Tajikistan,2017-01-01,19.0,7157865188.25222,17.0
Tajikistan,2016-01-01,19.0,6952678127.03396,17.0
Tajikistan,2015-01-01,19.0,7854602391.65355,18.0
Tajikistan,2014-01-01,16.9,9112544556.05962,19.0
Tajikistan,2013-01-01,19.0,8448469837.53831,20.0
Tajikistan,2012-01-01,19.0,7633049792.09321,21.0
Tajikistan,2011-01-01,19.0,6522732202.50748,22.0
Tajikistan,2010-01-01,19.0,5642178579.58438,23.0
Tajikistan,2009-01-01,17.5,4979481980.35098,26.0
Tajikistan,2008-01-01,17.5,5161337336.40365,26.0
Tajikistan,2007-01-01,17.5,3719506172.83951,27.0
Tajikistan,2006-01-01,17.5,2830220713.07301,29.0
Tajikistan,2005-01-01,17.5,2312327536.41789,32.0
Tajikistan,2004-01-01,12.7,2076182460.86517,33.0
Tajikistan,2003-01-01,12.7,1555301496.04756,35.0
Tajikistan,2002-01-01,12.7,1221120798.81336,43.0
Tajikistan,2001-01-01,12.7,1080768906.5003,52.0
Tajikistan,2000-01-01,15.0,860521119.298753,53.0
Tajikistan,1999-01-01,2.8,1086605267.40992,
Tajikistan,1998-01-01,2.8,1320242080.86531,
Tajikistan,1997-01-01,2.8,921572114.529611,
Tajikistan,1996-01-01,,1043654822.33503,
Tajikistan,1995-01-01,,1231567145.35508,
Tajikistan,1994-01-01,,1522018435.69536,
Tajikistan,1993-01-01,,1646693642.11088,
Tajikistan,1992-01-01,,1909246640.80838,
Tajikistan,1991-01-01,,2534720480.3244,
Tajikistan,1990-01-01,,2629395066.27017,
Tajikistan,1989-01-01,,,
Tajikistan,1988-01-01,,,
Tajikistan,1987-01-01,,,
Tajikistan,1986-01-01,,,
Tajikistan,1985-01-01,,,
Tajikistan,1984-01-01,,,
Tajikistan,1983-01-01,,,
Tajikistan,1982-01-01,,,
Tajikistan,1981-01-01,,,
Tajikistan,1980-01-01,,,
Tajikistan,1979-01-01,,,
Tajikistan,1978-01-01,,,
Tajikistan,1977-01-01,,,
Tajikistan,1976-01-01,,,
Tajikistan,1975-01-01,,,
Tajikistan,1974-01-01,,,
Tajikistan,1973-01-01,,,
Tajikistan,1972-01-01,,,
Tajikistan,1971-01-01,,,
Tajikistan,1970-01-01,,,
Tajikistan,1969-01-01,,,
Tajikistan,1968-01-01,,,
Tajikistan,1967-01-01,,,
Tajikistan,1966-01-01,,,
Tajikistan,1965-01-01,,,
Tajikistan,1964-01-01,,,
Tajikistan,1963-01-01,,,
Tajikistan,1962-01-01,,,
Tajikistan,1961-01-01,,,
Tajikistan,1960-01-01,,,
Tanzania,2019-01-01,36.9,,
Tanzania,2018-01-01,37.2,58001200572.3965,
Tanzania,2017-01-01,36.4,53320625958.5628,524.0
Tanzania,2016-01-01,36.6,49774021003.0747,539.0
Tanzania,2015-01-01,36.0,47378599025.3044,556.0
Tanzania,2014-01-01,36.0,49964788814.0927,574.0
Tanzania,2013-01-01,36.0,45680532613.7591,593.0
Tanzania,2012-01-01,36.0,39650530214.3287,615.0
Tanzania,2011-01-01,36.0,34657139495.4031,628.0
Tanzania,2010-01-01,,32014249841.4151,644.0
Tanzania,2009-01-01,30.7,29081425282.2949,656.0
Tanzania,2008-01-01,30.4,27941177434.5087,666.0
Tanzania,2007-01-01,30.4,21843529024.9154,685.0
Tanzania,2006-01-01,30.4,18649590248.2626,703.0
Tanzania,2005-01-01,30.4,18399046025.2688,721.0
Tanzania,2004-01-01,21.4,16675948414.7573,741.0
Tanzania,2003-01-01,21.4,15224257698.482,763.0
Tanzania,2002-01-01,22.3,14142035080.2849,788.0
Tanzania,2001-01-01,22.3,13581644245.7352,819.0
Tanzania,2000-01-01,,13375976353.6994,854.0
Tanzania,1999-01-01,16.4,12711213451.034,
Tanzania,1998-01-01,17.5,12270448700.1994,
Tanzania,1997-01-01,17.5,7683852496.84499,
Tanzania,1996-01-01,,6496195450.61034,
Tanzania,1995-01-01,,5255221424.80962,
Tanzania,1994-01-01,,4510846967.8742,
Tanzania,1993-01-01,,4257702196.53864,
Tanzania,1992-01-01,,4601413263.52894,
Tanzania,1991-01-01,,4956588278.56144,
Tanzania,1990-01-01,,4258743262.82876,
Tanzania,1989-01-01,,4420168102.39306,
Tanzania,1988-01-01,,5100405772.46327,
Tanzania,1987-01-01,,,
Tanzania,1986-01-01,,,
Tanzania,1985-01-01,,,
Tanzania,1984-01-01,,,
Tanzania,1983-01-01,,,
Tanzania,1982-01-01,,,
Tanzania,1981-01-01,,,
Tanzania,1980-01-01,,,
Tanzania,1979-01-01,,,
Tanzania,1978-01-01,,,
Tanzania,1977-01-01,,,
Tanzania,1976-01-01,,,
Tanzania,1975-01-01,,,
Tanzania,1974-01-01,,,
Tanzania,1973-01-01,,,
Tanzania,1972-01-01,,,
Tanzania,1971-01-01,,,
Tanzania,1970-01-01,,,
Tanzania,1969-01-01,,,
Tanzania,1968-01-01,,,
Tanzania,1967-01-01,,,
Tanzania,1966-01-01,,,
Tanzania,1965-01-01,,,
Tanzania,1964-01-01,,,
Tanzania,1963-01-01,,,
Tanzania,1962-01-01,,,
Tanzania,1961-01-01,,,
Tanzania,1960-01-01,,,
Uganda,2019-01-01,34.86,,
Uganda,2018-01-01,34.3,27461440192.3549,
Uganda,2017-01-01,34.3,25995031850.1545,375.0
Uganda,2016-01-01,33.5,24133664284.5089,381.0
Uganda,2015-01-01,35.0,27102650386.6012,387.0
Uganda,2014-01-01,35.0,27291879819.3622,394.0
Uganda,2013-01-01,35.0,24599550623.7254,401.0
Uganda,2012-01-01,35.0,23114293416.3905,412.0
Uganda,2011-01-01,35.0,20176025256.9153,419.0
Uganda,2010-01-01,31.3,20186496527.1256,430.0
Uganda,2009-01-01,31.5,18168902153.8798,442.0
Uganda,2008-01-01,30.7,14239026629.639,455.0
Uganda,2007-01-01,30.7,12292813603.2327,465.0
Uganda,2006-01-01,29.8,9942597779.99265,473.0
Uganda,2005-01-01,23.9,9013834373.41246,491.0
Uganda,2004-01-01,23.9,7940362799.17997,512.0
Uganda,2003-01-01,24.7,6336696288.98214,520.0
Uganda,2002-01-01,24.7,6178563590.89254,537.0
Uganda,2001-01-01,24.7,5840503868.57245,550.0
Uganda,2000-01-01,17.8,6193246837.09687,578.0
Uganda,1999-01-01,17.9,5998563257.94659,
Uganda,1998-01-01,18.1,6584815846.52754,
Uganda,1997-01-01,18.1,6269333313.17108,
Uganda,1996-01-01,,6044585326.938,
Uganda,1995-01-01,,5755818947.42125,
Uganda,1994-01-01,,3990430446.71216,
Uganda,1993-01-01,,3220439044.18949,
Uganda,1992-01-01,,2857457860.05088,
Uganda,1991-01-01,,3321729057.12215,
Uganda,1990-01-01,12.2,4304398865.88268,
Uganda,1989-01-01,,5276480985.99937,
Uganda,1988-01-01,,6508931651.66667,
Uganda,1987-01-01,,6269511614.66235,
Uganda,1986-01-01,,3923232122.12784,
Uganda,1985-01-01,,3519666338.52454,
Uganda,1984-01-01,,3615647477.05434,
Uganda,1983-01-01,,2240333333.33333,
Uganda,1982-01-01,,2177500000.0,
Uganda,1981-01-01,,1337300000.0,
Uganda,1980-01-01,,1244610000.0,
Uganda,1979-01-01,,2139025000.0,
Uganda,1978-01-01,,2420260869.56522,
Uganda,1977-01-01,,2936470588.23529,
Uganda,1976-01-01,,2447300000.0,
Uganda,1975-01-01,,2359555555.55556,
Uganda,1974-01-01,,2100142653.35235,
Uganda,1973-01-01,,1702521008.40336,
Uganda,1972-01-01,,1491596638.65546,
Uganda,1971-01-01,,1417787114.84594,
Uganda,1970-01-01,,1260084033.61345,
Uganda,1969-01-01,,1169047619.04762,
Uganda,1968-01-01,,1037815126.05042,
Uganda,1967-01-01,,967647058.823529,
Uganda,1966-01-01,,925770308.123249,
Uganda,1965-01-01,,884873949.579832,
Uganda,1964-01-01,,589056603.773585,
Uganda,1963-01-01,,516147798.742138,
Uganda,1962-01-01,,449012578.616352,
Uganda,1961-01-01,,441524109.014675,
Uganda,1960-01-01,,423008385.744235,
"Yemen, Rep.",2019-01-01,0.33,,
"Yemen, Rep.",2018-01-01,0.0,26914402223.7828,
"Yemen, Rep.",2017-01-01,0.0,26818703092.5852,164.0
"Yemen, Rep.",2016-01-01,0.0,30968242967.7823,165.0
"Yemen, Rep.",2015-01-01,0.0,42628328212.1041,169.0
"Yemen, Rep.",2014-01-01,0.3,43228585321.3272,174.0
"Yemen, Rep.",2013-01-01,0.3,40415233436.1767,175.0
"Yemen, Rep.",2012-01-01,0.3,35401339869.3055,184.0
"Yemen, Rep.",2011-01-01,0.3,32726417878.391,187.0
"Yemen, Rep.",2010-01-01,0.3,30906749533.221,192.0
"Yemen, Rep.",2009-01-01,0.3,25130274124.2524,200.0
"Yemen, Rep.",2008-01-01,0.3,26910851361.7555,208.0
"Yemen, Rep.",2007-01-01,0.3,21650532264.2322,219.0
"Yemen, Rep.",2006-01-01,0.3,19061978586.1278,230.0
"Yemen, Rep.",2005-01-01,0.3,16746344766.2044,242.0
"Yemen, Rep.",2004-01-01,0.3,13872791658.5487,254.0
"Yemen, Rep.",2003-01-01,0.3,11777966673.3897,266.0
"Yemen, Rep.",2002-01-01,0.7,10694628091.6726,278.0
"Yemen, Rep.",2001-01-01,0.7,9861560094.74009,290.0
"Yemen, Rep.",2000-01-01,0.7,9652436179.64605,301.0
"Yemen, Rep.",1999-01-01,0.7,7641102523.15082,
"Yemen, Rep.",1998-01-01,0.7,6325141675.86989,
"Yemen, Rep.",1997-01-01,,6838557384.40357,
"Yemen, Rep.",1996-01-01,,5785685310.86668,
"Yemen, Rep.",1995-01-01,,4258788725.44991,
"Yemen, Rep.",1994-01-01,,4167356037.1517,
"Yemen, Rep.",1993-01-01,,5368270614.8468,
"Yemen, Rep.",1992-01-01,,6463649985.01648,
"Yemen, Rep.",1991-01-01,,5930370370.37037,
"Yemen, Rep.",1990-01-01,4.1,5647119229.00763,
"Yemen, Rep.",1989-01-01,,,
"Yemen, Rep.",1988-01-01,,,
"Yemen, Rep.",1987-01-01,,,
"Yemen, Rep.",1986-01-01,,,
"Yemen, Rep.",1985-01-01,,,
"Yemen, Rep.",1984-01-01,,,
"Yemen, Rep.",1983-01-01,,,
"Yemen, Rep.",1982-01-01,,,
"Yemen, Rep.",1981-01-01,,,
"Yemen, Rep.",1980-01-01,,,
"Yemen, Rep.",1979-01-01,,,
"Yemen, Rep.",1978-01-01,,,
"Yemen, Rep.",1977-01-01,,,
"Yemen, Rep.",1976-01-01,,,
"Yemen, Rep.",1975-01-01,,,
"Yemen, Rep.",1974-01-01,,,
"Yemen, Rep.",1973-01-01,,,
"Yemen, Rep.",1972-01-01,,,
"Yemen, Rep.",1971-01-01,,,
"Yemen, Rep.",1970-01-01,,,
"Yemen, Rep.",1969-01-01,,,
"Yemen, Rep.",1968-01-01,,,
"Yemen, Rep.",1967-01-01,,,
"Yemen, Rep.",1966-01-01,,,
"Yemen, Rep.",1965-01-01,,,
"Yemen, Rep.",1964-01-01,,,
"Yemen, Rep.",1963-01-01,,,
"Yemen, Rep.",1962-01-01,,,
"Yemen, Rep.",1961-01-01,,,
"Yemen, Rep.",1960-01-01,,,
